Date,Start (ET),Visitor/Neutral,PTS,Home/Neutral,PTS,,,Attend.,Notes
Fri Feb 1 2019,7:00p,Memphis Grizzlies,92,Charlotte Hornets,100,Box Score,,15387,
Fri Feb 1 2019,7:30p,Boston Celtics,113,New York Knicks,99,Box Score,,18343,
Fri Feb 1 2019,8:00p,Oklahoma City Thunder,118,Miami Heat,102,Box Score,,19600,
Fri Feb 1 2019,9:00p,Atlanta Hawks,112,Utah Jazz,128,Box Score,,18306,
Fri Feb 1 2019,10:00p,Houston Rockets,122,Denver Nuggets,136,Box Score,,20106,
Sat Feb 2 2019,5:00p,Los Angeles Clippers,111,Detroit Pistons,101,Box Score,,17862,
Sat Feb 2 2019,7:00p,Chicago Bulls,118,Charlotte Hornets,125,Box Score,,19114,
Sat Feb 2 2019,7:00p,Brooklyn Nets,89,Orlando Magic,102,Box Score,,17385,
Sat Feb 2 2019,7:00p,Milwaukee Bucks,131,Washington Wizards,115,Box Score,,20409,
Sat Feb 2 2019,7:30p,Dallas Mavericks,111,Cleveland Cavaliers,98,Box Score,,19432,
Sat Feb 2 2019,7:30p,Indiana Pacers,95,Miami Heat,88,Box Score,,19600,
Sat Feb 2 2019,8:30p,Los Angeles Lakers,101,Golden State Warriors,115,Box Score,,19596,
Sat Feb 2 2019,8:30p,New Orleans Pelicans,108,San Antonio Spurs,113,Box Score,,18354,
Sat Feb 2 2019,9:00p,Denver Nuggets,107,Minnesota Timberwolves,106,Box Score,,17208,
Sat Feb 2 2019,9:00p,Atlanta Hawks,118,Phoenix Suns,112,Box Score,,15534,
Sat Feb 2 2019,9:00p,Houston Rockets,125,Utah Jazz,98,Box Score,,18306,
Sat Feb 2 2019,10:00p,Philadelphia 76ers,108,Sacramento Kings,115,Box Score,,17583,
Sun Feb 3 2019,1:00p,Memphis Grizzlies,96,New York Knicks,84,Box Score,,17025,
Sun Feb 3 2019,2:00p,Oklahoma City Thunder,129,Boston Celtics,134,Box Score,,18624,
Sun Feb 3 2019,3:00p,Los Angeles Clippers,103,Toronto Raptors,121,Box Score,,19800,
Mon Feb 4 2019,7:00p,Denver Nuggets,103,Detroit Pistons,129,Box Score,,12589,
Mon Feb 4 2019,7:00p,Atlanta Hawks,137,Washington Wizards,129,Box Score,,15025,
Mon Feb 4 2019,7:30p,Milwaukee Bucks,113,Brooklyn Nets,94,Box Score,,16209,
Mon Feb 4 2019,8:00p,Indiana Pacers,109,New Orleans Pelicans,107,Box Score,,15780,
Mon Feb 4 2019,9:00p,Houston Rockets,118,Phoenix Suns,110,Box Score,,15740,
Mon Feb 4 2019,10:00p,San Antonio Spurs,112,Sacramento Kings,127,Box Score,,16245,
Tue Feb 5 2019,7:00p,Los Angeles Clippers,117,Charlotte Hornets,115,Box Score,,14300,
Tue Feb 5 2019,7:00p,Boston Celtics,103,Cleveland Cavaliers,96,Box Score,,19432,
Tue Feb 5 2019,7:00p,Los Angeles Lakers,94,Indiana Pacers,136,Box Score,,17265,
Tue Feb 5 2019,7:30p,Detroit Pistons,105,New York Knicks,92,Box Score,,17853,
Tue Feb 5 2019,8:00p,Minnesota Timberwolves,106,Memphis Grizzlies,108,Box Score,,13454,
Tue Feb 5 2019,8:00p,Orlando Magic,122,Oklahoma City Thunder,132,Box Score,,18203,
Tue Feb 5 2019,8:00p,Toronto Raptors,119,Philadelphia 76ers,107,Box Score,,20472,
Tue Feb 5 2019,10:30p,Miami Heat,118,Portland Trail Blazers,108,Box Score,,19468,
Wed Feb 6 2019,7:30p,Denver Nuggets,130,Brooklyn Nets,135,Box Score,,14516,
Wed Feb 6 2019,8:00p,New Orleans Pelicans,125,Chicago Bulls,120,Box Score,,18116,
Wed Feb 6 2019,8:00p,Washington Wizards,129,Milwaukee Bucks,148,Box Score,,17360,
Wed Feb 6 2019,8:30p,Charlotte Hornets,93,Dallas Mavericks,99,Box Score,,19606,
Wed Feb 6 2019,9:00p,Phoenix Suns,88,Utah Jazz,116,Box Score,,18306,
Wed Feb 6 2019,10:00p,Houston Rockets,127,Sacramento Kings,101,Box Score,,17583,
Wed Feb 6 2019,10:30p,San Antonio Spurs,102,Golden State Warriors,141,Box Score,,19596,
Thu Feb 7 2019,7:00p,Los Angeles Clippers,92,Indiana Pacers,116,Box Score,,15756,
Thu Feb 7 2019,7:00p,Minnesota Timberwolves,112,Orlando Magic,122,Box Score,,17184,
Thu Feb 7 2019,7:30p,Toronto Raptors,119,Atlanta Hawks,101,Box Score,,16036,
Thu Feb 7 2019,8:00p,Los Angeles Lakers,129,Boston Celtics,128,Box Score,,18624,
Thu Feb 7 2019,8:00p,Memphis Grizzlies,95,Oklahoma City Thunder,117,Box Score,,18203,
Thu Feb 7 2019,10:30p,San Antonio Spurs,118,Portland Trail Blazers,127,Box Score,,19393,
Fri Feb 8 2019,7:00p,New York Knicks,103,Detroit Pistons,120,Box Score,,14430,
Fri Feb 8 2019,7:00p,Denver Nuggets,110,Philadelphia 76ers,117,Box Score,,20627,
Fri Feb 8 2019,7:00p,Cleveland Cavaliers,106,Washington Wizards,119,Box Score,,16682,
Fri Feb 8 2019,7:30p,Chicago Bulls,125,Brooklyn Nets,106,Box Score,,15267,
Fri Feb 8 2019,8:30p,Milwaukee Bucks,122,Dallas Mavericks,107,Box Score,,20420,
Fri Feb 8 2019,9:00p,Golden State Warriors,117,Phoenix Suns,107,Box Score,,17081,
Fri Feb 8 2019,9:30p,Minnesota Timberwolves,117,New Orleans Pelicans,122,Box Score,,16980,
Fri Feb 8 2019,10:00p,Miami Heat,96,Sacramento Kings,102,Box Score,,17583,
Sat Feb 9 2019,5:00p,San Antonio Spurs,105,Utah Jazz,125,Box Score,,18306,
Sat Feb 9 2019,7:00p,Cleveland Cavaliers,90,Indiana Pacers,105,Box Score,,17923,
Sat Feb 9 2019,7:30p,Charlotte Hornets,129,Atlanta Hawks,120,Box Score,,15048,
Sat Feb 9 2019,7:30p,Toronto Raptors,104,New York Knicks,99,Box Score,,18886,
Sat Feb 9 2019,8:00p,Los Angeles Clippers,123,Boston Celtics,112,Box Score,,18624,
Sat Feb 9 2019,8:00p,Washington Wizards,134,Chicago Bulls,125,Box Score,,19942,
Sat Feb 9 2019,8:00p,New Orleans Pelicans,90,Memphis Grizzlies,99,Box Score,,16841,
Sat Feb 9 2019,8:30p,Oklahoma City Thunder,117,Houston Rockets,112,Box Score,,18061,
Sat Feb 9 2019,9:00p,Orlando Magic,103,Milwaukee Bucks,83,Box Score,,17812,
Sun Feb 10 2019,3:00p,Portland Trail Blazers,101,Dallas Mavericks,102,Box Score,,20340,
Sun Feb 10 2019,3:30p,Los Angeles Lakers,120,Philadelphia 76ers,143,Box Score,,20683,
Sun Feb 10 2019,6:00p,Phoenix Suns,104,Sacramento Kings,117,Box Score,,17583,
Sun Feb 10 2019,7:30p,Orlando Magic,124,Atlanta Hawks,108,Box Score,,13370,
Sun Feb 10 2019,8:30p,Miami Heat,118,Golden State Warriors,120,Box Score,,19596,
Mon Feb 11 2019,7:00p,New York Knicks,104,Cleveland Cavaliers,107,Box Score,,19432,
Mon Feb 11 2019,7:00p,Washington Wizards,112,Detroit Pistons,121,Box Score,,15246,
Mon Feb 11 2019,7:00p,Charlotte Hornets,90,Indiana Pacers,99,Box Score,,15734,
Mon Feb 11 2019,7:30p,Brooklyn Nets,125,Toronto Raptors,127,Box Score,,19800,
Mon Feb 11 2019,8:00p,Milwaukee Bucks,112,Chicago Bulls,99,Box Score,,18833,
Mon Feb 11 2019,8:00p,Dallas Mavericks,104,Houston Rockets,120,Box Score,,18055,
Mon Feb 11 2019,8:00p,Los Angeles Clippers,120,Minnesota Timberwolves,130,Box Score,,13782,
Mon Feb 11 2019,8:00p,Portland Trail Blazers,111,Oklahoma City Thunder,120,Box Score,,18203,
Mon Feb 11 2019,9:00p,Miami Heat,87,Denver Nuggets,103,Box Score,,18378,
Tue Feb 12 2019,7:30p,Los Angeles Lakers,113,Atlanta Hawks,117,Box Score,,16824,
Tue Feb 12 2019,8:00p,San Antonio Spurs,108,Memphis Grizzlies,107,Box Score,,13788,
Tue Feb 12 2019,8:00p,Orlando Magic,118,New Orleans Pelicans,88,Box Score,,15733,
Tue Feb 12 2019,8:00p,Boston Celtics,112,Philadelphia 76ers,109,Box Score,,20582,
Tue Feb 12 2019,10:30p,Utah Jazz,108,Golden State Warriors,115,Box Score,,19596,
Wed Feb 13 2019,7:00p,Brooklyn Nets,148,Cleveland Cavaliers,139,Box Score,3OT,17434,
Wed Feb 13 2019,7:00p,Milwaukee Bucks,106,Indiana Pacers,97,Box Score,,17311,
Wed Feb 13 2019,7:30p,Detroit Pistons,110,Boston Celtics,118,Box Score,,18624,
Wed Feb 13 2019,7:30p,Philadelphia 76ers,126,New York Knicks,111,Box Score,,18983,
Wed Feb 13 2019,7:30p,Washington Wizards,120,Toronto Raptors,129,Box Score,,19800,
Wed Feb 13 2019,8:00p,Memphis Grizzlies,110,Chicago Bulls,122,Box Score,,19114,
Wed Feb 13 2019,8:00p,Houston Rockets,111,Minnesota Timberwolves,121,Box Score,,15131,
Wed Feb 13 2019,8:30p,Miami Heat,112,Dallas Mavericks,101,Box Score,,20364,
Wed Feb 13 2019,9:00p,Sacramento Kings,118,Denver Nuggets,120,Box Score,,17938,
Wed Feb 13 2019,10:30p,Phoenix Suns,107,Los Angeles Clippers,134,Box Score,,17703,
Wed Feb 13 2019,10:30p,Golden State Warriors,107,Portland Trail Blazers,129,Box Score,,19549,
Thu Feb 14 2019,7:00p,Charlotte Hornets,89,Orlando Magic,127,Box Score,,18846,
Thu Feb 14 2019,7:30p,New York Knicks,106,Atlanta Hawks,91,Box Score,,14179,
Thu Feb 14 2019,8:00p,Oklahoma City Thunder,122,New Orleans Pelicans,131,Box Score,,15686,
Thu Feb 21 2019,7:00p,Phoenix Suns,98,Cleveland Cavaliers,111,Box Score,,19022,
Thu Feb 21 2019,7:00p,Miami Heat,102,Philadelphia 76ers,106,Box Score,,20505,
Thu Feb 21 2019,7:30p,Portland Trail Blazers,113,Brooklyn Nets,99,Box Score,,17732,
Thu Feb 21 2019,8:00p,Boston Celtics,97,Milwaukee Bucks,98,Box Score,,17926,
Thu Feb 21 2019,10:30p,Sacramento Kings,123,Golden State Warriors,125,Box Score,,19596,
Thu Feb 21 2019,10:30p,Houston Rockets,106,Los Angeles Lakers,111,Box Score,,18997,
Fri Feb 22 2019,7:00p,Washington Wizards,110,Charlotte Hornets,123,Box Score,,15572,
Fri Feb 22 2019,7:00p,New Orleans Pelicans,111,Indiana Pacers,126,Box Score,,16962,
Fri Feb 22 2019,7:00p,Chicago Bulls,110,Orlando Magic,109,Box Score,,18846,
Fri Feb 22 2019,7:00p,San Antonio Spurs,117,Toronto Raptors,120,Box Score,,20058,
Fri Feb 22 2019,7:30p,Detroit Pistons,125,Atlanta Hawks,122,Box Score,,14067,
Fri Feb 22 2019,7:30p,Minnesota Timberwolves,115,New York Knicks,104,Box Score,,19096,
Fri Feb 22 2019,8:00p,Los Angeles Clippers,112,Memphis Grizzlies,106,Box Score,,16444,
Fri Feb 22 2019,8:30p,Denver Nuggets,114,Dallas Mavericks,104,Box Score,,20382,
Fri Feb 22 2019,9:30p,Utah Jazz,147,Oklahoma City Thunder,148,Box Score,2OT,18203,
Sat Feb 23 2019,1:00p,Portland Trail Blazers,130,Philadelphia 76ers,115,Box Score,,20619,
Sat Feb 23 2019,7:00p,Phoenix Suns,112,Atlanta Hawks,120,Box Score,,15214,
Sat Feb 23 2019,7:00p,Brooklyn Nets,117,Charlotte Hornets,115,Box Score,,19158,
Sat Feb 23 2019,7:00p,Memphis Grizzlies,107,Cleveland Cavaliers,112,Box Score,,19432,
Sat Feb 23 2019,7:00p,Los Angeles Lakers,115,New Orleans Pelicans,128,Box Score,,18626,
Sat Feb 23 2019,7:00p,Indiana Pacers,119,Washington Wizards,112,Box Score,,19648,
Sat Feb 23 2019,7:30p,Detroit Pistons,119,Miami Heat,96,Box Score,,19600,
Sat Feb 23 2019,8:00p,Boston Celtics,116,Chicago Bulls,126,Box Score,,21295,
Sat Feb 23 2019,8:00p,Sacramento Kings,119,Oklahoma City Thunder,116,Box Score,,18203,
Sat Feb 23 2019,8:30p,Houston Rockets,118,Golden State Warriors,112,Box Score,,19596,
Sat Feb 23 2019,8:30p,Minnesota Timberwolves,128,Milwaukee Bucks,140,Box Score,,17972,
Sat Feb 23 2019,10:00p,Dallas Mavericks,109,Utah Jazz,125,Box Score,,18306,
Sun Feb 24 2019,3:30p,Orlando Magic,113,Toronto Raptors,98,Box Score,,19800,
Sun Feb 24 2019,5:00p,Los Angeles Clippers,96,Denver Nuggets,123,Box Score,,19956,
Sun Feb 24 2019,7:30p,San Antonio Spurs,118,New York Knicks,130,Box Score,,18019,
Mon Feb 25 2019,7:00p,Golden State Warriors,121,Charlotte Hornets,110,Box Score,,19419,
Mon Feb 25 2019,7:00p,Portland Trail Blazers,123,Cleveland Cavaliers,110,Box Score,,19432,
Mon Feb 25 2019,7:00p,Indiana Pacers,109,Detroit Pistons,113,Box Score,,15321,
Mon Feb 25 2019,7:30p,San Antonio Spurs,85,Brooklyn Nets,101,Box Score,,13479,
Mon Feb 25 2019,7:30p,Phoenix Suns,124,Miami Heat,121,Box Score,,19600,
Mon Feb 25 2019,8:00p,Milwaukee Bucks,117,Chicago Bulls,106,Box Score,,20936,
Mon Feb 25 2019,8:00p,Atlanta Hawks,111,Houston Rockets,119,Box Score,,18055,
Mon Feb 25 2019,8:00p,Los Angeles Lakers,105,Memphis Grizzlies,110,Box Score,,17794,
Mon Feb 25 2019,8:00p,Sacramento Kings,105,Minnesota Timberwolves,112,Box Score,,13691,
Mon Feb 25 2019,8:00p,Philadelphia 76ers,111,New Orleans Pelicans,110,Box Score,,17194,
Mon Feb 25 2019,10:30p,Dallas Mavericks,112,Los Angeles Clippers,121,Box Score,,19068,
Tue Feb 26 2019,7:30p,Orlando Magic,103,New York Knicks,108,Box Score,,17833,
Tue Feb 26 2019,8:00p,Boston Celtics,95,Toronto Raptors,118,Box Score,,19800,
Tue Feb 26 2019,10:30p,Oklahoma City Thunder,112,Denver Nuggets,121,Box Score,,18378,
Wed Feb 27 2019,7:00p,Houston Rockets,118,Charlotte Hornets,113,Box Score,,17903,
Wed Feb 27 2019,7:30p,Minnesota Timberwolves,123,Atlanta Hawks,131,Box Score,OT,14101,
Wed Feb 27 2019,7:30p,Washington Wizards,125,Brooklyn Nets,116,Box Score,,13683,
Wed Feb 27 2019,7:30p,Golden State Warriors,125,Miami Heat,126,Box Score,,19647,
Wed Feb 27 2019,8:00p,Portland Trail Blazers,97,Boston Celtics,92,Box Score,,18624,
Wed Feb 27 2019,8:00p,Chicago Bulls,109,Memphis Grizzlies,107,Box Score,,13711,
Wed Feb 27 2019,8:30p,Indiana Pacers,101,Dallas Mavericks,110,Box Score,,19978,
Wed Feb 27 2019,8:30p,Detroit Pistons,93,San Antonio Spurs,105,Box Score,,18354,
Wed Feb 27 2019,9:00p,Los Angeles Clippers,105,Utah Jazz,111,Box Score,,18306,
Wed Feb 27 2019,10:00p,Milwaukee Bucks,141,Sacramento Kings,140,Box Score,OT,17583,
Wed Feb 27 2019,10:30p,New Orleans Pelicans,119,Los Angeles Lakers,125,Box Score,,18997,
Thu Feb 28 2019,7:00p,Minnesota Timberwolves,115,Indiana Pacers,122,Box Score,,17003,
Thu Feb 28 2019,7:00p,Golden State Warriors,96,Orlando Magic,103,Box Score,,18846,
Thu Feb 28 2019,7:30p,Cleveland Cavaliers,125,New York Knicks,118,Box Score,,17573,
Thu Feb 28 2019,8:00p,Miami Heat,118,Houston Rockets,121,Box Score,,18119,
Thu Feb 28 2019,8:00p,Philadelphia 76ers,108,Oklahoma City Thunder,104,Box Score,,18203,
Thu Feb 28 2019,10:30p,Utah Jazz,111,Denver Nuggets,104,Box Score,,19520,