Date,Start (ET),Visitor/Neutral,PTS,Home/Neutral,PTS,,,Attend.,Notes
Sat Dec 1 2018,5:00p,Milwaukee Bucks,134,New York Knicks,136,Box Score,OT,19812,
Sat Dec 1 2018,7:00p,Golden State Warriors,102,Detroit Pistons,111,Box Score,,20332,
Sat Dec 1 2018,7:00p,Brooklyn Nets,88,Washington Wizards,102,Box Score,,15448,
Sat Dec 1 2018,8:00p,Toronto Raptors,106,Cleveland Cavaliers,95,Box Score,,19432,
Sat Dec 1 2018,8:00p,Chicago Bulls,105,Houston Rockets,121,Box Score,,18055,
Sat Dec 1 2018,8:00p,Boston Celtics,118,Minnesota Timberwolves,109,Box Score,,17663,
Sat Dec 1 2018,10:00p,Indiana Pacers,110,Sacramento Kings,111,Box Score,,17583,
Sun Dec 2 2018,3:30p,Phoenix Suns,96,Los Angeles Lakers,120,Box Score,,18997,
Sun Dec 2 2018,5:00p,New Orleans Pelicans,119,Charlotte Hornets,109,Box Score,,15336,
Sun Dec 2 2018,6:00p,Utah Jazz,100,Miami Heat,102,Box Score,,19600,
Sun Dec 2 2018,6:00p,Memphis Grizzlies,95,Philadelphia 76ers,103,Box Score,,20334,
Sun Dec 2 2018,7:00p,Los Angeles Clippers,110,Dallas Mavericks,114,Box Score,,19551,
Sun Dec 2 2018,7:00p,Portland Trail Blazers,118,San Antonio Spurs,131,Box Score,,18354,
Mon Dec 3 2018,7:00p,Oklahoma City Thunder,110,Detroit Pistons,83,Box Score,,14372,
Mon Dec 3 2018,7:30p,Golden State Warriors,128,Atlanta Hawks,111,Box Score,,16631,
Mon Dec 3 2018,7:30p,Cleveland Cavaliers,99,Brooklyn Nets,97,Box Score,,10983,
Mon Dec 3 2018,7:30p,Washington Wizards,110,New York Knicks,107,Box Score,,19440,
Mon Dec 3 2018,7:30p,Denver Nuggets,106,Toronto Raptors,103,Box Score,,19800,
Mon Dec 3 2018,8:00p,Houston Rockets,91,Minnesota Timberwolves,103,Box Score,,13834,
Mon Dec 3 2018,8:00p,Los Angeles Clippers,129,New Orleans Pelicans,126,Box Score,,13822,
Tue Dec 4 2018,7:00p,Chicago Bulls,90,Indiana Pacers,96,Box Score,,16446,
Tue Dec 4 2018,7:30p,Orlando Magic,105,Miami Heat,90,Box Score,,19600,
Tue Dec 4 2018,8:30p,Portland Trail Blazers,102,Dallas Mavericks,111,Box Score,,19341,
Tue Dec 4 2018,9:00p,Sacramento Kings,122,Phoenix Suns,105,Box Score,,12977,
Tue Dec 4 2018,9:00p,San Antonio Spurs,105,Utah Jazz,139,Box Score,,18306,
Wed Dec 5 2018,7:00p,Golden State Warriors,129,Cleveland Cavaliers,105,Box Score,,19432,
Wed Dec 5 2018,7:00p,Denver Nuggets,124,Orlando Magic,118,Box Score,OT,16636,
Wed Dec 5 2018,7:30p,Washington Wizards,131,Atlanta Hawks,117,Box Score,,12551,
Wed Dec 5 2018,7:30p,Oklahoma City Thunder,114,Brooklyn Nets,112,Box Score,,13161,
Wed Dec 5 2018,8:00p,Los Angeles Clippers,86,Memphis Grizzlies,96,Box Score,,14144,
Wed Dec 5 2018,8:00p,Detroit Pistons,92,Milwaukee Bucks,115,Box Score,,16541,
Wed Dec 5 2018,8:00p,Charlotte Hornets,104,Minnesota Timberwolves,121,Box Score,,11248,
Wed Dec 5 2018,8:00p,Dallas Mavericks,106,New Orleans Pelicans,132,Box Score,,14810,
Wed Dec 5 2018,8:00p,Philadelphia 76ers,102,Toronto Raptors,113,Box Score,,19800,
Wed Dec 5 2018,10:30p,San Antonio Spurs,113,Los Angeles Lakers,121,Box Score,,18997,
Thu Dec 6 2018,8:00p,New York Knicks,100,Boston Celtics,128,Box Score,,18624,
Thu Dec 6 2018,10:00p,Phoenix Suns,86,Portland Trail Blazers,108,Box Score,,19001,
Thu Dec 6 2018,10:30p,Houston Rockets,91,Utah Jazz,118,Box Score,,18306,
Fri Dec 7 2018,7:00p,Denver Nuggets,107,Charlotte Hornets,113,Box Score,,13755,
Fri Dec 7 2018,7:00p,Philadelphia 76ers,117,Detroit Pistons,111,Box Score,,15680,
Fri Dec 7 2018,7:00p,Indiana Pacers,112,Orlando Magic,90,Box Score,,17214,
Fri Dec 7 2018,7:30p,Toronto Raptors,105,Brooklyn Nets,106,Box Score,OT,14035,
Fri Dec 7 2018,7:30p,Sacramento Kings,129,Cleveland Cavaliers,110,Box Score,,19432,
Fri Dec 7 2018,8:00p,Oklahoma City Thunder,112,Chicago Bulls,114,Box Score,,19842,
Fri Dec 7 2018,8:00p,Memphis Grizzlies,107,New Orleans Pelicans,103,Box Score,,18447,
Fri Dec 7 2018,8:30p,Los Angeles Lakers,120,San Antonio Spurs,133,Box Score,,18354,
Fri Dec 7 2018,9:00p,Miami Heat,115,Phoenix Suns,98,Box Score,,14273,
Fri Dec 7 2018,9:30p,Golden State Warriors,105,Milwaukee Bucks,95,Box Score,,17852,
Sat Dec 8 2018,6:00p,Houston Rockets,104,Dallas Mavericks,107,Box Score,,20254,
Sat Dec 8 2018,7:00p,Sacramento Kings,97,Indiana Pacers,107,Box Score,,16867,
Sat Dec 8 2018,7:30p,Denver Nuggets,98,Atlanta Hawks,106,Box Score,,14409,
Sat Dec 8 2018,7:30p,Washington Wizards,101,Cleveland Cavaliers,116,Box Score,,19432,
Sat Dec 8 2018,7:30p,Brooklyn Nets,112,New York Knicks,104,Box Score,,18662,
Sat Dec 8 2018,8:00p,Boston Celtics,133,Chicago Bulls,77,Box Score,,20923,
Sat Dec 8 2018,8:00p,Los Angeles Lakers,111,Memphis Grizzlies,88,Box Score,,17794,
Sat Dec 8 2018,10:00p,Minnesota Timberwolves,105,Portland Trail Blazers,113,Box Score,,19359,
Sat Dec 8 2018,10:30p,Miami Heat,121,Los Angeles Clippers,98,Box Score,,17113,
Sun Dec 9 2018,3:30p,New Orleans Pelicans,116,Detroit Pistons,108,Box Score,,14705,
Sun Dec 9 2018,6:00p,Milwaukee Bucks,104,Toronto Raptors,99,Box Score,,19800,
Sun Dec 9 2018,7:00p,Utah Jazz,97,San Antonio Spurs,110,Box Score,,17834,
Sun Dec 9 2018,7:30p,Charlotte Hornets,119,New York Knicks,107,Box Score,,18602,
Mon Dec 10 2018,7:00p,Washington Wizards,101,Indiana Pacers,109,Box Score,,14645,
Mon Dec 10 2018,7:00p,Detroit Pistons,102,Philadelphia 76ers,116,Box Score,,20199,
Mon Dec 10 2018,7:30p,New Orleans Pelicans,100,Boston Celtics,113,Box Score,,18624,
Mon Dec 10 2018,8:00p,Sacramento Kings,108,Chicago Bulls,89,Box Score,,18164,
Mon Dec 10 2018,8:00p,Cleveland Cavaliers,92,Milwaukee Bucks,108,Box Score,,17155,
Mon Dec 10 2018,8:00p,Utah Jazz,113,Oklahoma City Thunder,122,Box Score,,18203,
Mon Dec 10 2018,8:30p,Orlando Magic,76,Dallas Mavericks,101,Box Score,,19334,
Mon Dec 10 2018,9:00p,Memphis Grizzlies,99,Denver Nuggets,105,Box Score,,15278,
Mon Dec 10 2018,9:00p,Los Angeles Clippers,123,Phoenix Suns,119,Box Score,OT,12088,
Mon Dec 10 2018,10:30p,Minnesota Timberwolves,108,Golden State Warriors,116,Box Score,,19596,
Mon Dec 10 2018,10:30p,Miami Heat,105,Los Angeles Lakers,108,Box Score,,18997,
Tue Dec 11 2018,8:00p,Portland Trail Blazers,104,Houston Rockets,111,Box Score,,18055,
Tue Dec 11 2018,8:30p,Phoenix Suns,86,San Antonio Spurs,111,Box Score,,17676,
Tue Dec 11 2018,10:30p,Toronto Raptors,123,Los Angeles Clippers,99,Box Score,,17812,
Wed Dec 12 2018,7:00p,Detroit Pistons,107,Charlotte Hornets,108,Box Score,,13997,
Wed Dec 12 2018,7:00p,New York Knicks,106,Cleveland Cavaliers,113,Box Score,,19432,
Wed Dec 12 2018,7:00p,Milwaukee Bucks,97,Indiana Pacers,113,Box Score,,17070,
Wed Dec 12 2018,7:00p,Brooklyn Nets,127,Philadelphia 76ers,124,Box Score,,20376,
Wed Dec 12 2018,7:00p,Boston Celtics,130,Washington Wizards,125,Box Score,OT,20409,
Wed Dec 12 2018,8:00p,Portland Trail Blazers,83,Memphis Grizzlies,92,Box Score,,16282,
Wed Dec 12 2018,8:00p,Oklahoma City Thunder,114,New Orleans Pelicans,118,Box Score,,14450,
Wed Dec 12 2018,8:30p,Atlanta Hawks,107,Dallas Mavericks,114,Box Score,,19643,
Wed Dec 12 2018,9:00p,Miami Heat,84,Utah Jazz,111,Box Score,,18306,
Wed Dec 12 2018,10:00p,Minnesota Timberwolves,130,Sacramento Kings,141,Box Score,,15770,
Wed Dec 12 2018,10:30p,Toronto Raptors,113,Golden State Warriors,93,Box Score,,19596,
Thu Dec 13 2018,8:00p,Los Angeles Lakers,111,Houston Rockets,126,Box Score,,18055,
Thu Dec 13 2018,8:30p,Los Angeles Clippers,87,San Antonio Spurs,125,Box Score,,18354,
Thu Dec 13 2018,9:30p,Chicago Bulls,91,Orlando Magic,97,Box Score,,20201,at Mexico City Mexico
Thu Dec 13 2018,10:30p,Dallas Mavericks,89,Phoenix Suns,99,Box Score,,13265,
Fri Dec 14 2018,7:00p,Atlanta Hawks,108,Boston Celtics,129,Box Score,,18624,
Fri Dec 14 2018,7:00p,New York Knicks,126,Charlotte Hornets,124,Box Score,OT,17622,
Fri Dec 14 2018,7:30p,Washington Wizards,118,Brooklyn Nets,125,Box Score,,13232,
Fri Dec 14 2018,7:30p,Milwaukee Bucks,114,Cleveland Cavaliers,102,Box Score,,19432,
Fri Dec 14 2018,7:30p,Indiana Pacers,113,Philadelphia 76ers,101,Box Score,,20337,
Fri Dec 14 2018,8:00p,Miami Heat,100,Memphis Grizzlies,97,Box Score,,16313,
Fri Dec 14 2018,10:00p,Oklahoma City Thunder,98,Denver Nuggets,109,Box Score,,19520,
Fri Dec 14 2018,10:00p,Toronto Raptors,122,Portland Trail Blazers,128,Box Score,,19458,
Fri Dec 14 2018,10:00p,Golden State Warriors,130,Sacramento Kings,125,Box Score,,17583,
Sat Dec 15 2018,5:00p,Utah Jazz,89,Orlando Magic,96,Box Score,,20011,at Mexico City Mexico
Sat Dec 15 2018,7:00p,Los Angeles Lakers,128,Charlotte Hornets,100,Box Score,,19641,
Sat Dec 15 2018,7:00p,Boston Celtics,104,Detroit Pistons,113,Box Score,,17078,
Sat Dec 15 2018,8:00p,Houston Rockets,105,Memphis Grizzlies,97,Box Score,,16777,
Sat Dec 15 2018,8:30p,Chicago Bulls,98,San Antonio Spurs,93,Box Score,,18354,
Sat Dec 15 2018,9:00p,Los Angeles Clippers,104,Oklahoma City Thunder,110,Box Score,,18203,
Sat Dec 15 2018,9:00p,Minnesota Timberwolves,99,Phoenix Suns,107,Box Score,,14244,
Sun Dec 16 2018,3:00p,Atlanta Hawks,127,Brooklyn Nets,144,Box Score,,13955,
Sun Dec 16 2018,3:30p,Philadelphia 76ers,128,Cleveland Cavaliers,105,Box Score,,19432,
Sun Dec 16 2018,5:00p,New York Knicks,99,Indiana Pacers,110,Box Score,,16646,
Sun Dec 16 2018,6:00p,Los Angeles Lakers,110,Washington Wizards,128,Box Score,,20409,
Sun Dec 16 2018,7:00p,Sacramento Kings,120,Dallas Mavericks,113,Box Score,,19935,
Sun Dec 16 2018,7:00p,Miami Heat,102,New Orleans Pelicans,96,Box Score,,15535,
Sun Dec 16 2018,8:00p,Toronto Raptors,86,Denver Nuggets,95,Box Score,,19520,
Mon Dec 17 2018,7:00p,Milwaukee Bucks,107,Detroit Pistons,104,Box Score,,15051,
Mon Dec 17 2018,7:30p,Phoenix Suns,128,New York Knicks,110,Box Score,,18437,
Mon Dec 17 2018,8:00p,Utah Jazz,97,Houston Rockets,102,Box Score,,18055,
Mon Dec 17 2018,8:00p,Sacramento Kings,105,Minnesota Timberwolves,132,Box Score,,12417,
Mon Dec 17 2018,8:00p,Chicago Bulls,96,Oklahoma City Thunder,121,Box Score,,18203,
Mon Dec 17 2018,8:30p,Philadelphia 76ers,96,San Antonio Spurs,123,Box Score,,17486,
Mon Dec 17 2018,10:30p,Memphis Grizzlies,93,Golden State Warriors,110,Box Score,,19596,
Mon Dec 17 2018,10:30p,Portland Trail Blazers,131,Los Angeles Clippers,127,Box Score,,16030,
Tue Dec 18 2018,7:00p,Cleveland Cavaliers,92,Indiana Pacers,91,Box Score,,15630,
Tue Dec 18 2018,7:30p,Washington Wizards,110,Atlanta Hawks,118,Box Score,,16489,
Tue Dec 18 2018,7:30p,Los Angeles Lakers,110,Brooklyn Nets,115,Box Score,,17732,
Tue Dec 18 2018,9:00p,Dallas Mavericks,118,Denver Nuggets,126,Box Score,,15764,
Wed Dec 19 2018,7:00p,Cleveland Cavaliers,99,Charlotte Hornets,110,Box Score,,15179,
Wed Dec 19 2018,7:00p,San Antonio Spurs,129,Orlando Magic,90,Box Score,,17138,
Wed Dec 19 2018,7:00p,New York Knicks,109,Philadelphia 76ers,131,Box Score,,20424,
Wed Dec 19 2018,7:30p,Phoenix Suns,111,Boston Celtics,103,Box Score,,18624,
Wed Dec 19 2018,7:30p,Indiana Pacers,96,Toronto Raptors,99,Box Score,,19800,
Wed Dec 19 2018,8:00p,Brooklyn Nets,96,Chicago Bulls,93,Box Score,,18065,
Wed Dec 19 2018,8:00p,Washington Wizards,118,Houston Rockets,136,Box Score,,18055,
Wed Dec 19 2018,8:00p,New Orleans Pelicans,115,Milwaukee Bucks,123,Box Score,,17341,
Wed Dec 19 2018,8:00p,Detroit Pistons,129,Minnesota Timberwolves,123,Box Score,OT,15883,
Wed Dec 19 2018,9:00p,Golden State Warriors,103,Utah Jazz,108,Box Score,,18306,
Wed Dec 19 2018,10:00p,Memphis Grizzlies,92,Portland Trail Blazers,99,Box Score,,19412,
Wed Dec 19 2018,10:00p,Oklahoma City Thunder,132,Sacramento Kings,113,Box Score,,17583,
Thu Dec 20 2018,8:00p,Houston Rockets,99,Miami Heat,101,Box Score,,19600,
Thu Dec 20 2018,10:30p,Dallas Mavericks,121,Los Angeles Clippers,125,Box Score,,17528,
Fri Dec 21 2018,7:00p,Detroit Pistons,86,Charlotte Hornets,98,Box Score,,15812,
Fri Dec 21 2018,7:00p,Cleveland Cavaliers,110,Toronto Raptors,126,Box Score,,19800,
Fri Dec 21 2018,7:30p,Indiana Pacers,114,Brooklyn Nets,106,Box Score,,13302,
Fri Dec 21 2018,7:30p,Atlanta Hawks,114,New York Knicks,107,Box Score,,19080,
Fri Dec 21 2018,8:00p,Milwaukee Bucks,120,Boston Celtics,107,Box Score,,18624,
Fri Dec 21 2018,8:00p,Orlando Magic,80,Chicago Bulls,90,Box Score,,20436,
Fri Dec 21 2018,8:30p,Minnesota Timberwolves,98,San Antonio Spurs,124,Box Score,,17708,
Fri Dec 21 2018,10:00p,Utah Jazz,120,Portland Trail Blazers,90,Box Score,,19127,
Fri Dec 21 2018,10:00p,Memphis Grizzlies,99,Sacramento Kings,102,Box Score,,16369,
Fri Dec 21 2018,10:30p,New Orleans Pelicans,104,Los Angeles Lakers,112,Box Score,,18997,
Sat Dec 22 2018,5:00p,Denver Nuggets,111,Los Angeles Clippers,132,Box Score,,16571,
Sat Dec 22 2018,7:00p,Phoenix Suns,146,Washington Wizards,149,Box Score,3OT,16571,
Sat Dec 22 2018,7:30p,Toronto Raptors,101,Philadelphia 76ers,126,Box Score,,20691,
Sat Dec 22 2018,8:00p,San Antonio Spurs,101,Houston Rockets,108,Box Score,,18055,
Sat Dec 22 2018,8:00p,Milwaukee Bucks,87,Miami Heat,94,Box Score,,19600,
Sat Dec 22 2018,8:30p,Dallas Mavericks,116,Golden State Warriors,120,Box Score,,19596,
Sat Dec 22 2018,9:00p,Oklahoma City Thunder,107,Utah Jazz,106,Box Score,,18306,
Sun Dec 23 2018,4:00p,Atlanta Hawks,98,Detroit Pistons,95,Box Score,,16532,
Sun Dec 23 2018,5:00p,Washington Wizards,89,Indiana Pacers,105,Box Score,,17923,
Sun Dec 23 2018,6:00p,Charlotte Hornets,103,Boston Celtics,119,Box Score,,18624,
Sun Dec 23 2018,6:00p,Phoenix Suns,103,Brooklyn Nets,111,Box Score,,15310,
Sun Dec 23 2018,6:00p,Chicago Bulls,112,Cleveland Cavaliers,92,Box Score,,19432,
Sun Dec 23 2018,6:00p,Miami Heat,115,Orlando Magic,91,Box Score,,18846,
Sun Dec 23 2018,6:00p,New Orleans Pelicans,117,Sacramento Kings,122,Box Score,,16643,
Sun Dec 23 2018,8:00p,Minnesota Timberwolves,114,Oklahoma City Thunder,112,Box Score,,18203,
Sun Dec 23 2018,8:30p,Los Angeles Clippers,127,Golden State Warriors,129,Box Score,,19596,
Sun Dec 23 2018,9:00p,Dallas Mavericks,118,Portland Trail Blazers,121,Box Score,OT,19707,
Sun Dec 23 2018,9:30p,Memphis Grizzlies,107,Los Angeles Lakers,99,Box Score,,18997,
Tue Dec 25 2018,12:00p,Milwaukee Bucks,109,New York Knicks,95,Box Score,,19812,
Tue Dec 25 2018,3:00p,Oklahoma City Thunder,109,Houston Rockets,113,Box Score,,18055,
Tue Dec 25 2018,5:30p,Philadelphia 76ers,114,Boston Celtics,121,Box Score,OT,18624,
Tue Dec 25 2018,8:00p,Los Angeles Lakers,127,Golden State Warriors,101,Box Score,,19596,
Tue Dec 25 2018,10:30p,Portland Trail Blazers,96,Utah Jazz,117,Box Score,,18306,
Wed Dec 26 2018,7:00p,Washington Wizards,95,Detroit Pistons,106,Box Score,,17534,
Wed Dec 26 2018,7:00p,Phoenix Suns,122,Orlando Magic,120,Box Score,OT,16755,
Wed Dec 26 2018,7:30p,Indiana Pacers,129,Atlanta Hawks,121,Box Score,,15026,
Wed Dec 26 2018,7:30p,Charlotte Hornets,132,Brooklyn Nets,134,Box Score,2OT,14309,
Wed Dec 26 2018,7:30p,Toronto Raptors,106,Miami Heat,104,Box Score,,19902,
Wed Dec 26 2018,8:00p,Minnesota Timberwolves,119,Chicago Bulls,94,Box Score,,21852,
Wed Dec 26 2018,8:00p,Cleveland Cavaliers,87,Memphis Grizzlies,95,Box Score,,16424,
Wed Dec 26 2018,8:30p,New Orleans Pelicans,119,Dallas Mavericks,122,Box Score,,20340,
Wed Dec 26 2018,8:30p,Denver Nuggets,103,San Antonio Spurs,111,Box Score,,18408,
Wed Dec 26 2018,10:30p,Sacramento Kings,118,Los Angeles Clippers,127,Box Score,,19068,
Thu Dec 27 2018,8:00p,Boston Celtics,113,Houston Rockets,127,Box Score,,18055,
Thu Dec 27 2018,8:00p,New York Knicks,96,Milwaukee Bucks,112,Box Score,,18058,
Thu Dec 27 2018,10:00p,Los Angeles Lakers,116,Sacramento Kings,117,Box Score,,17583,
Thu Dec 27 2018,10:30p,Portland Trail Blazers,110,Golden State Warriors,109,Box Score,OT,19596,
Thu Dec 27 2018,10:30p,Philadelphia 76ers,114,Utah Jazz,97,Box Score,,18306,
Fri Dec 28 2018,7:00p,Brooklyn Nets,87,Charlotte Hornets,100,Box Score,,19411,
Fri Dec 28 2018,7:00p,Detroit Pistons,88,Indiana Pacers,125,Box Score,,17923,
Fri Dec 28 2018,7:00p,Toronto Raptors,87,Orlando Magic,116,Box Score,,18846,
Fri Dec 28 2018,7:00p,Chicago Bulls,101,Washington Wizards,92,Box Score,,20409,
Fri Dec 28 2018,8:00p,Cleveland Cavaliers,94,Miami Heat,118,Box Score,,19617,
Fri Dec 28 2018,8:00p,Atlanta Hawks,123,Minnesota Timberwolves,120,Box Score,OT,18978,
Fri Dec 28 2018,8:00p,Dallas Mavericks,112,New Orleans Pelicans,114,Box Score,,18364,
Fri Dec 28 2018,9:00p,San Antonio Spurs,99,Denver Nuggets,102,Box Score,,20076,
Fri Dec 28 2018,9:00p,Oklahoma City Thunder,118,Phoenix Suns,102,Box Score,,18055,
Fri Dec 28 2018,10:30p,Los Angeles Clippers,118,Los Angeles Lakers,107,Box Score,,18997,
Sat Dec 29 2018,5:00p,Brooklyn Nets,115,Milwaukee Bucks,129,Box Score,,17918,
Sat Dec 29 2018,7:00p,Houston Rockets,108,New Orleans Pelicans,104,Box Score,,17555,
Sat Dec 29 2018,7:00p,Charlotte Hornets,126,Washington Wizards,130,Box Score,,17197,
Sat Dec 29 2018,7:30p,Cleveland Cavaliers,108,Atlanta Hawks,111,Box Score,,16460,
Sat Dec 29 2018,8:00p,Boston Celtics,112,Memphis Grizzlies,103,Box Score,,17794,
Sat Dec 29 2018,8:00p,New York Knicks,97,Utah Jazz,129,Box Score,,18306,
Sat Dec 29 2018,9:00p,Denver Nuggets,122,Phoenix Suns,118,Box Score,,14975,
Sat Dec 29 2018,10:00p,Golden State Warriors,115,Portland Trail Blazers,105,Box Score,,19797,
Sat Dec 29 2018,10:30p,San Antonio Spurs,122,Los Angeles Clippers,111,Box Score,,19068,
Sun Dec 30 2018,3:30p,Detroit Pistons,107,Orlando Magic,109,Box Score,,17761,
Sun Dec 30 2018,6:00p,Minnesota Timberwolves,113,Miami Heat,104,Box Score,,19600,
Sun Dec 30 2018,6:00p,Chicago Bulls,89,Toronto Raptors,95,Box Score,,19800,
Sun Dec 30 2018,7:00p,Oklahoma City Thunder,103,Dallas Mavericks,105,Box Score,,20380,
Sun Dec 30 2018,9:00p,Philadelphia 76ers,95,Portland Trail Blazers,129,Box Score,,19393,
Sun Dec 30 2018,9:30p,Sacramento Kings,114,Los Angeles Lakers,121,Box Score,,18997,
Mon Dec 31 2018,3:00p,Atlanta Hawks,108,Indiana Pacers,116,Box Score,,17923,
Mon Dec 31 2018,6:00p,Orlando Magic,100,Charlotte Hornets,125,Box Score,,14694,
Mon Dec 31 2018,7:00p,Memphis Grizzlies,101,Houston Rockets,113,Box Score,,18055,
Mon Dec 31 2018,7:00p,Boston Celtics,111,San Antonio Spurs,120,Box Score,,18354,
Mon Dec 31 2018,8:00p,Minnesota Timberwolves,114,New Orleans Pelicans,123,Box Score,,14904,
Mon Dec 31 2018,8:00p,Dallas Mavericks,102,Oklahoma City Thunder,122,Box Score,,18203,
Mon Dec 31 2018,9:00p,Golden State Warriors,132,Phoenix Suns,109,Box Score,,16906,