Date,Start (ET),Visitor/Neutral,PTS,Home/Neutral,PTS,,,Attend.,Notes
Thu Feb 1 2018,7:00p,Memphis Grizzlies,102,Detroit Pistons,104,Box Score,,17481,
Thu Feb 1 2018,7:00p,Toronto Raptors,119,Washington Wizards,122,Box Score,,15599,
Thu Feb 1 2018,8:00p,Milwaukee Bucks,89,Minnesota Timberwolves,108,Box Score,,17199,
Thu Feb 1 2018,8:00p,Houston Rockets,102,San Antonio Spurs,91,Box Score,,18418,
Thu Feb 1 2018,10:30p,Oklahoma City Thunder,124,Denver Nuggets,127,Box Score,,18407,
Fri Feb 2 2018,7:00p,Indiana Pacers,126,Charlotte Hornets,133,Box Score,,17135,
Fri Feb 2 2018,7:30p,Atlanta Hawks,110,Boston Celtics,119,Box Score,,18624,
Fri Feb 2 2018,7:30p,Los Angeles Lakers,102,Brooklyn Nets,99,Box Score,,17732,
Fri Feb 2 2018,7:30p,Portland Trail Blazers,105,Toronto Raptors,130,Box Score,,19800,
Fri Feb 2 2018,8:00p,New York Knicks,90,Milwaukee Bucks,92,Box Score,,18717,
Fri Feb 2 2018,8:00p,Miami Heat,97,Philadelphia 76ers,103,Box Score,,20636,
Fri Feb 2 2018,9:00p,New Orleans Pelicans,114,Oklahoma City Thunder,100,Box Score,,18203,
Fri Feb 2 2018,9:00p,Utah Jazz,129,Phoenix Suns,97,Box Score,,16560,
Fri Feb 2 2018,10:30p,Golden State Warriors,119,Sacramento Kings,104,Box Score,,17583,
Sat Feb 3 2018,3:30p,Chicago Bulls,103,Los Angeles Clippers,113,Box Score,,19068,
Sat Feb 3 2018,7:00p,Miami Heat,107,Detroit Pistons,111,Box Score,,18747,
Sat Feb 3 2018,7:00p,Philadelphia 76ers,92,Indiana Pacers,100,Box Score,,17923,
Sat Feb 3 2018,7:00p,Washington Wizards,115,Orlando Magic,98,Box Score,,18846,
Sat Feb 3 2018,8:30p,Houston Rockets,120,Cleveland Cavaliers,88,Box Score,,20562,
Sat Feb 3 2018,9:00p,Golden State Warriors,108,Denver Nuggets,115,Box Score,,20103,
Sat Feb 3 2018,9:00p,New Orleans Pelicans,107,Minnesota Timberwolves,118,Box Score,,17954,
Sat Feb 3 2018,9:00p,Utah Jazz,120,San Antonio Spurs,111,Box Score,,18418,
Sat Feb 3 2018,10:00p,Dallas Mavericks,106,Sacramento Kings,99,Box Score,,17583,
Sun Feb 4 2018,12:00p,Portland Trail Blazers,96,Boston Celtics,97,Box Score,,18624,
Sun Feb 4 2018,12:00p,Milwaukee Bucks,109,Brooklyn Nets,94,Box Score,,14392,
Sun Feb 4 2018,12:00p,Atlanta Hawks,99,New York Knicks,96,Box Score,,19441,
Sun Feb 4 2018,12:00p,Memphis Grizzlies,86,Toronto Raptors,101,Box Score,,19800,
Sun Feb 4 2018,2:00p,Los Angeles Lakers,108,Oklahoma City Thunder,104,Box Score,,18203,
Sun Feb 4 2018,3:00p,Charlotte Hornets,115,Phoenix Suns,110,Box Score,,14487,
Mon Feb 5 2018,7:00p,Portland Trail Blazers,91,Detroit Pistons,111,Box Score,,13810,
Mon Feb 5 2018,7:00p,Washington Wizards,111,Indiana Pacers,102,Box Score,,13169,
Mon Feb 5 2018,7:30p,Orlando Magic,111,Miami Heat,109,Box Score,,19600,
Mon Feb 5 2018,8:00p,Utah Jazz,133,New Orleans Pelicans,109,Box Score,,14293,
Mon Feb 5 2018,9:00p,Charlotte Hornets,104,Denver Nuggets,121,Box Score,,14410,
Mon Feb 5 2018,10:00p,Chicago Bulls,98,Sacramento Kings,104,Box Score,,17583,
Mon Feb 5 2018,10:30p,Dallas Mavericks,101,Los Angeles Clippers,104,Box Score,,15127,
Tue Feb 6 2018,7:00p,Cleveland Cavaliers,98,Orlando Magic,116,Box Score,,18846,
Tue Feb 6 2018,7:30p,Memphis Grizzlies,82,Atlanta Hawks,108,Box Score,,11866,
Tue Feb 6 2018,7:30p,Houston Rockets,123,Brooklyn Nets,113,Box Score,,15064,
Tue Feb 6 2018,7:30p,Milwaukee Bucks,103,New York Knicks,89,Box Score,,19812,
Tue Feb 6 2018,7:30p,Boston Celtics,91,Toronto Raptors,111,Box Score,,20017,
Tue Feb 6 2018,8:00p,Washington Wizards,102,Philadelphia 76ers,115,Box Score,,20530,
Tue Feb 6 2018,10:30p,Oklahoma City Thunder,125,Golden State Warriors,105,Box Score,,19596,
Tue Feb 6 2018,10:30p,Phoenix Suns,93,Los Angeles Lakers,112,Box Score,,18997,
Wed Feb 7 2018,7:00p,Brooklyn Nets,106,Detroit Pistons,115,Box Score,,15114,
Wed Feb 7 2018,7:30p,Houston Rockets,109,Miami Heat,101,Box Score,,19600,
Wed Feb 7 2018,8:00p,Minnesota Timberwolves,138,Cleveland Cavaliers,140,Box Score,OT,20562,
Wed Feb 7 2018,8:00p,Utah Jazz,92,Memphis Grizzlies,88,Box Score,,13187,
Wed Feb 7 2018,10:30p,San Antonio Spurs,129,Phoenix Suns,81,Box Score,,15993,
Thu Feb 8 2018,7:00p,Atlanta Hawks,98,Orlando Magic,100,Box Score,,16215,
Thu Feb 8 2018,7:30p,New York Knicks,88,Toronto Raptors,113,Box Score,,19800,
Thu Feb 8 2018,8:00p,Boston Celtics,110,Washington Wizards,104,Box Score,OT,20356,
Thu Feb 8 2018,10:00p,Charlotte Hornets,103,Portland Trail Blazers,109,Box Score,OT,19178,
Thu Feb 8 2018,10:30p,Dallas Mavericks,103,Golden State Warriors,121,Box Score,,19596,
Thu Feb 8 2018,10:30p,Oklahoma City Thunder,81,Los Angeles Lakers,106,Box Score,,18997,
Fri Feb 9 2018,7:00p,Los Angeles Clippers,108,Detroit Pistons,95,Box Score,,16697,
Fri Feb 9 2018,7:00p,New Orleans Pelicans,82,Philadelphia 76ers,100,Box Score,,20489,
Fri Feb 9 2018,7:30p,Cleveland Cavaliers,123,Atlanta Hawks,107,Box Score,,16438,
Fri Feb 9 2018,7:30p,Indiana Pacers,97,Boston Celtics,91,Box Score,,18624,
Fri Feb 9 2018,8:00p,Denver Nuggets,104,Houston Rockets,130,Box Score,,18055,
Fri Feb 9 2018,8:00p,Milwaukee Bucks,85,Miami Heat,91,Box Score,,20018,
Fri Feb 9 2018,9:00p,Charlotte Hornets,94,Utah Jazz,106,Box Score,,18306,
Fri Feb 9 2018,9:30p,Minnesota Timberwolves,113,Chicago Bulls,114,Box Score,,21558,
Fri Feb 9 2018,10:30p,Portland Trail Blazers,118,Sacramento Kings,100,Box Score,,17583,
Sat Feb 10 2018,6:00p,New Orleans Pelicans,138,Brooklyn Nets,128,Box Score,2OT,16572,
Sat Feb 10 2018,7:00p,Milwaukee Bucks,111,Orlando Magic,104,Box Score,,18347,
Sat Feb 10 2018,7:00p,Los Angeles Clippers,98,Philadelphia 76ers,112,Box Score,,20504,
Sat Feb 10 2018,8:00p,Washington Wizards,101,Chicago Bulls,90,Box Score,,21112,
Sat Feb 10 2018,8:30p,Los Angeles Lakers,123,Dallas Mavericks,130,Box Score,,20162,
Sat Feb 10 2018,8:30p,San Antonio Spurs,105,Golden State Warriors,122,Box Score,,19596,
Sat Feb 10 2018,9:00p,Denver Nuggets,123,Phoenix Suns,113,Box Score,,16325,
Sun Feb 11 2018,1:00p,Toronto Raptors,123,Charlotte Hornets,103,Box Score,,18320,
Sun Feb 11 2018,3:30p,Detroit Pistons,115,Atlanta Hawks,118,Box Score,,15214,
Sun Feb 11 2018,3:30p,Cleveland Cavaliers,121,Boston Celtics,99,Box Score,,18624,
Sun Feb 11 2018,5:00p,New York Knicks,113,Indiana Pacers,121,Box Score,,17923,
Sun Feb 11 2018,7:00p,Dallas Mavericks,97,Houston Rockets,104,Box Score,,18055,
Sun Feb 11 2018,7:00p,Sacramento Kings,106,Minnesota Timberwolves,111,Box Score,,18068,
Sun Feb 11 2018,7:00p,Memphis Grizzlies,92,Oklahoma City Thunder,110,Box Score,,18203,
Sun Feb 11 2018,9:00p,Utah Jazz,115,Portland Trail Blazers,96,Box Score,,19730,
Mon Feb 12 2018,7:00p,New Orleans Pelicans,118,Detroit Pistons,103,Box Score,,14453,
Mon Feb 12 2018,7:00p,New York Knicks,92,Philadelphia 76ers,108,Box Score,,20589,
Mon Feb 12 2018,7:30p,Los Angeles Clippers,114,Brooklyn Nets,101,Box Score,,13735,
Mon Feb 12 2018,8:00p,Orlando Magic,101,Chicago Bulls,105,Box Score,,18611,
Mon Feb 12 2018,9:00p,San Antonio Spurs,99,Utah Jazz,101,Box Score,,18306,
Mon Feb 12 2018,10:30p,Phoenix Suns,83,Golden State Warriors,129,Box Score,,19596,
Tue Feb 13 2018,7:00p,Miami Heat,112,Toronto Raptors,115,Box Score,,19800,
Tue Feb 13 2018,8:00p,Atlanta Hawks,92,Milwaukee Bucks,97,Box Score,,14720,
Tue Feb 13 2018,8:00p,Houston Rockets,126,Minnesota Timberwolves,108,Box Score,,18978,
Tue Feb 13 2018,8:00p,Cleveland Cavaliers,120,Oklahoma City Thunder,112,Box Score,,18203,
Tue Feb 13 2018,8:30p,Sacramento Kings,114,Dallas Mavericks,109,Box Score,,19801,
Tue Feb 13 2018,10:30p,San Antonio Spurs,109,Denver Nuggets,117,Box Score,,17623,
Wed Feb 14 2018,7:00p,Atlanta Hawks,98,Detroit Pistons,104,Box Score,,15849,
Wed Feb 14 2018,7:00p,Charlotte Hornets,104,Orlando Magic,102,Box Score,,18428,
Wed Feb 14 2018,7:00p,Miami Heat,102,Philadelphia 76ers,104,Box Score,,20492,
Wed Feb 14 2018,7:30p,Indiana Pacers,108,Brooklyn Nets,103,Box Score,,13159,
Wed Feb 14 2018,7:30p,Washington Wizards,118,New York Knicks,113,Box Score,,19812,
Wed Feb 14 2018,8:00p,Los Angeles Clippers,129,Boston Celtics,119,Box Score,,18624,
Wed Feb 14 2018,8:00p,Toronto Raptors,122,Chicago Bulls,98,Box Score,,21006,
Wed Feb 14 2018,8:00p,Sacramento Kings,91,Houston Rockets,100,Box Score,,18055,
Wed Feb 14 2018,8:00p,Oklahoma City Thunder,121,Memphis Grizzlies,114,Box Score,,16012,
Wed Feb 14 2018,8:00p,Los Angeles Lakers,117,New Orleans Pelicans,139,Box Score,,15436,
Wed Feb 14 2018,9:00p,Phoenix Suns,97,Utah Jazz,107,Box Score,,18306,
Wed Feb 14 2018,10:30p,Golden State Warriors,117,Portland Trail Blazers,123,Box Score,,19520,
Thu Feb 15 2018,8:00p,Denver Nuggets,134,Milwaukee Bucks,123,Box Score,,15486,
Thu Feb 15 2018,9:00p,Los Angeles Lakers,111,Minnesota Timberwolves,119,Box Score,,17534,
Thu Feb 22 2018,7:00p,Brooklyn Nets,96,Charlotte Hornets,111,Box Score,,14112,
Thu Feb 22 2018,7:00p,New York Knicks,120,Orlando Magic,113,Box Score,,18846,
Thu Feb 22 2018,8:00p,Philadelphia 76ers,116,Chicago Bulls,115,Box Score,,21312,
Thu Feb 22 2018,8:00p,Washington Wizards,110,Cleveland Cavaliers,103,Box Score,,20562,
Thu Feb 22 2018,10:00p,Oklahoma City Thunder,110,Sacramento Kings,107,Box Score,,17583,
Thu Feb 22 2018,10:30p,Los Angeles Clippers,127,Golden State Warriors,134,Box Score,,19596,
Fri Feb 23 2018,7:00p,Boston Celtics,110,Detroit Pistons,98,Box Score,,20491,
Fri Feb 23 2018,7:00p,Atlanta Hawks,93,Indiana Pacers,116,Box Score,,17923,
Fri Feb 23 2018,7:00p,Charlotte Hornets,122,Washington Wizards,105,Box Score,,17824,
Fri Feb 23 2018,7:30p,Milwaukee Bucks,122,Toronto Raptors,119,Box Score,OT,20047,
Fri Feb 23 2018,8:00p,Minnesota Timberwolves,102,Houston Rockets,120,Box Score,,18055,
Fri Feb 23 2018,8:00p,Cleveland Cavaliers,112,Memphis Grizzlies,89,Box Score,,18119,
Fri Feb 23 2018,8:00p,Miami Heat,123,New Orleans Pelicans,124,Box Score,OT,17751,
Fri Feb 23 2018,9:00p,San Antonio Spurs,119,Denver Nuggets,122,Box Score,,20027,
Fri Feb 23 2018,9:00p,Los Angeles Clippers,128,Phoenix Suns,117,Box Score,,17126,
Fri Feb 23 2018,9:00p,Portland Trail Blazers,100,Utah Jazz,81,Box Score,,18306,
Fri Feb 23 2018,10:30p,Dallas Mavericks,102,Los Angeles Lakers,124,Box Score,,18997,
Sat Feb 24 2018,5:00p,Orlando Magic,105,Philadelphia 76ers,116,Box Score,,20594,
Sat Feb 24 2018,7:30p,Memphis Grizzlies,89,Miami Heat,115,Box Score,,19600,
Sat Feb 24 2018,7:30p,Boston Celtics,121,New York Knicks,112,Box Score,,19812,
Sat Feb 24 2018,8:30p,Oklahoma City Thunder,80,Golden State Warriors,112,Box Score,,19596,
Sat Feb 24 2018,9:00p,Chicago Bulls,104,Minnesota Timberwolves,122,Box Score,,18978,
Sat Feb 24 2018,9:00p,Portland Trail Blazers,106,Phoenix Suns,104,Box Score,,17112,
Sat Feb 24 2018,9:00p,Dallas Mavericks,90,Utah Jazz,97,Box Score,,18306,
Sat Feb 24 2018,10:00p,Los Angeles Lakers,113,Sacramento Kings,108,Box Score,,17583,
Sun Feb 25 2018,1:00p,Detroit Pistons,98,Charlotte Hornets,114,Box Score,,17894,
Sun Feb 25 2018,3:00p,New Orleans Pelicans,123,Milwaukee Bucks,121,Box Score,OT,18717,
Sun Feb 25 2018,3:30p,San Antonio Spurs,110,Cleveland Cavaliers,94,Box Score,,20562,
Sun Feb 25 2018,8:00p,Houston Rockets,119,Denver Nuggets,114,Box Score,,20044,
Sun Feb 25 2018,8:00p,Philadelphia 76ers,94,Washington Wizards,109,Box Score,,17180,
Mon Feb 26 2018,7:30p,Los Angeles Lakers,123,Atlanta Hawks,104,Box Score,,16328,
Mon Feb 26 2018,7:30p,Memphis Grizzlies,98,Boston Celtics,109,Box Score,,18624,
Mon Feb 26 2018,7:30p,Chicago Bulls,87,Brooklyn Nets,104,Box Score,,15081,
Mon Feb 26 2018,7:30p,Golden State Warriors,125,New York Knicks,111,Box Score,,19812,
Mon Feb 26 2018,7:30p,Detroit Pistons,94,Toronto Raptors,123,Box Score,,19800,
Mon Feb 26 2018,8:00p,Phoenix Suns,116,New Orleans Pelicans,125,Box Score,,14302,
Mon Feb 26 2018,8:00p,Orlando Magic,105,Oklahoma City Thunder,112,Box Score,,18203,
Mon Feb 26 2018,8:30p,Indiana Pacers,103,Dallas Mavericks,109,Box Score,,19536,
Mon Feb 26 2018,9:00p,Houston Rockets,96,Utah Jazz,85,Box Score,,18306,
Mon Feb 26 2018,10:00p,Minnesota Timberwolves,118,Sacramento Kings,100,Box Score,,17583,
Tue Feb 27 2018,7:00p,Chicago Bulls,103,Charlotte Hornets,118,Box Score,,14521,
Tue Feb 27 2018,7:00p,Brooklyn Nets,123,Cleveland Cavaliers,129,Box Score,,20562,
Tue Feb 27 2018,7:30p,Philadelphia 76ers,101,Miami Heat,102,Box Score,,19600,
Tue Feb 27 2018,8:00p,Washington Wizards,107,Milwaukee Bucks,104,Box Score,,16093,
Tue Feb 27 2018,10:00p,Sacramento Kings,99,Portland Trail Blazers,116,Box Score,,19468,
Tue Feb 27 2018,10:30p,Los Angeles Clippers,122,Denver Nuggets,120,Box Score,,15004,
Wed Feb 28 2018,7:00p,Milwaukee Bucks,87,Detroit Pistons,110,Box Score,,16146,
Wed Feb 28 2018,7:00p,Toronto Raptors,117,Orlando Magic,104,Box Score,,17328,
Wed Feb 28 2018,7:30p,Indiana Pacers,102,Atlanta Hawks,107,Box Score,,13316,
Wed Feb 28 2018,7:30p,Charlotte Hornets,106,Boston Celtics,134,Box Score,,18624,
Wed Feb 28 2018,8:00p,Phoenix Suns,110,Memphis Grizzlies,102,Box Score,,13484,
Wed Feb 28 2018,8:00p,Golden State Warriors,109,Washington Wizards,101,Box Score,,20356,
Wed Feb 28 2018,8:30p,Oklahoma City Thunder,111,Dallas Mavericks,110,Box Score,OT,20202,
Wed Feb 28 2018,8:30p,New Orleans Pelicans,121,San Antonio Spurs,116,Box Score,,18418,
Wed Feb 28 2018,10:30p,Houston Rockets,105,Los Angeles Clippers,92,Box Score,,19068,