Date,Start (ET),Visitor/Neutral,PTS,Home/Neutral,PTS,,,Attend.,Notes
Fri Mar 1 2019,7:30p,Chicago Bulls,168,Atlanta Hawks,161,Box Score,4OT,15267,
Fri Mar 1 2019,7:30p,Charlotte Hornets,123,Brooklyn Nets,112,Box Score,,15578,
Fri Mar 1 2019,8:00p,Washington Wizards,96,Boston Celtics,107,Box Score,,18624,
Fri Mar 1 2019,8:00p,Portland Trail Blazers,117,Toronto Raptors,119,Box Score,,19800,
Fri Mar 1 2019,9:00p,New Orleans Pelicans,130,Phoenix Suns,116,Box Score,,14123,
Fri Mar 1 2019,10:00p,Los Angeles Clippers,116,Sacramento Kings,109,Box Score,,17583,
Fri Mar 1 2019,10:30p,Milwaukee Bucks,131,Los Angeles Lakers,120,Box Score,,18997,
Sat Mar 2 2019,5:00p,Detroit Pistons,129,Cleveland Cavaliers,93,Box Score,,19432,
Sat Mar 2 2019,7:00p,Orlando Magic,117,Indiana Pacers,112,Box Score,,17923,
Sat Mar 2 2019,7:30p,Brooklyn Nets,88,Miami Heat,117,Box Score,,19600,
Sat Mar 2 2019,8:30p,Memphis Grizzlies,111,Dallas Mavericks,81,Box Score,,20233,
Sat Mar 2 2019,8:30p,Golden State Warriors,120,Philadelphia 76ers,117,Box Score,,20624,
Sat Mar 2 2019,8:30p,Oklahoma City Thunder,102,San Antonio Spurs,116,Box Score,,18439,
Sat Mar 2 2019,9:00p,New Orleans Pelicans,120,Denver Nuggets,112,Box Score,,19978,
Sat Mar 2 2019,9:00p,Los Angeles Lakers,109,Phoenix Suns,118,Box Score,,18055,
Sat Mar 2 2019,9:00p,Milwaukee Bucks,111,Utah Jazz,115,Box Score,,18306,
Sun Mar 3 2019,1:00p,Portland Trail Blazers,118,Charlotte Hornets,108,Box Score,,18355,
Sun Mar 3 2019,3:30p,Houston Rockets,115,Boston Celtics,104,Box Score,,18624,
Sun Mar 3 2019,3:30p,Atlanta Hawks,123,Chicago Bulls,118,Box Score,,20526,
Sun Mar 3 2019,3:30p,New York Knicks,107,Los Angeles Clippers,128,Box Score,,19068,
Sun Mar 3 2019,6:00p,Orlando Magic,93,Cleveland Cavaliers,107,Box Score,,19432,
Sun Mar 3 2019,6:00p,Toronto Raptors,107,Detroit Pistons,112,Box Score,OT,19161,
Sun Mar 3 2019,6:00p,Minnesota Timberwolves,121,Washington Wizards,135,Box Score,,17869,
Sun Mar 3 2019,7:00p,Memphis Grizzlies,95,Oklahoma City Thunder,99,Box Score,,18203,
Mon Mar 4 2019,7:30p,Dallas Mavericks,88,Brooklyn Nets,127,Box Score,,17064,
Mon Mar 4 2019,7:30p,Atlanta Hawks,113,Miami Heat,114,Box Score,,19600,
Mon Mar 4 2019,8:30p,Denver Nuggets,103,San Antonio Spurs,104,Box Score,,18354,
Mon Mar 4 2019,9:00p,Milwaukee Bucks,105,Phoenix Suns,114,Box Score,,18055,
Mon Mar 4 2019,9:00p,New Orleans Pelicans,115,Utah Jazz,112,Box Score,,18306,
Mon Mar 4 2019,10:00p,New York Knicks,108,Sacramento Kings,115,Box Score,,17034,
Mon Mar 4 2019,10:30p,Los Angeles Clippers,113,Los Angeles Lakers,105,Box Score,,18997,
Tue Mar 5 2019,7:00p,Chicago Bulls,96,Indiana Pacers,105,Box Score,,15753,
Tue Mar 5 2019,7:00p,Orlando Magic,106,Philadelphia 76ers,114,Box Score,,20379,
Tue Mar 5 2019,8:00p,Portland Trail Blazers,111,Memphis Grizzlies,120,Box Score,,13801,
Tue Mar 5 2019,8:00p,Oklahoma City Thunder,120,Minnesota Timberwolves,131,Box Score,,15728,
Tue Mar 5 2019,8:00p,Houston Rockets,107,Toronto Raptors,95,Box Score,,19800,
Tue Mar 5 2019,10:30p,Boston Celtics,128,Golden State Warriors,95,Box Score,,19596,
Wed Mar 6 2019,7:00p,Miami Heat,91,Charlotte Hornets,84,Box Score,,18137,
Wed Mar 6 2019,7:00p,Minnesota Timberwolves,114,Detroit Pistons,131,Box Score,,15240,
Wed Mar 6 2019,7:00p,Dallas Mavericks,123,Washington Wizards,132,Box Score,,16867,
Wed Mar 6 2019,7:30p,San Antonio Spurs,111,Atlanta Hawks,104,Box Score,,15208,
Wed Mar 6 2019,7:30p,Cleveland Cavaliers,107,Brooklyn Nets,113,Box Score,,14177,
Wed Mar 6 2019,8:00p,Philadelphia 76ers,107,Chicago Bulls,108,Box Score,,19927,
Wed Mar 6 2019,8:00p,Utah Jazz,114,New Orleans Pelicans,104,Box Score,,14681,
Wed Mar 6 2019,9:00p,New York Knicks,96,Phoenix Suns,107,Box Score,,14427,
Wed Mar 6 2019,10:00p,Boston Celtics,111,Sacramento Kings,109,Box Score,,17583,
Wed Mar 6 2019,10:30p,Denver Nuggets,115,Los Angeles Lakers,99,Box Score,,18997,
Thu Mar 7 2019,8:00p,Indiana Pacers,98,Milwaukee Bucks,117,Box Score,,17884,
Thu Mar 7 2019,10:30p,Oklahoma City Thunder,129,Portland Trail Blazers,121,Box Score,OT,20037,
Fri Mar 8 2019,7:00p,Washington Wizards,111,Charlotte Hornets,112,Box Score,,18144,
Fri Mar 8 2019,7:00p,Dallas Mavericks,106,Orlando Magic,111,Box Score,,19196,
Fri Mar 8 2019,8:00p,Detroit Pistons,112,Chicago Bulls,104,Box Score,,21048,
Fri Mar 8 2019,8:00p,Philadelphia 76ers,91,Houston Rockets,107,Box Score,,18055,
Fri Mar 8 2019,8:00p,Utah Jazz,104,Memphis Grizzlies,114,Box Score,,15407,
Fri Mar 8 2019,8:00p,Cleveland Cavaliers,110,Miami Heat,126,Box Score,,19600,
Fri Mar 8 2019,8:00p,Toronto Raptors,127,New Orleans Pelicans,104,Box Score,,17325,
Fri Mar 8 2019,10:30p,Denver Nuggets,105,Golden State Warriors,122,Box Score,,19596,
Fri Mar 8 2019,10:30p,Oklahoma City Thunder,110,Los Angeles Clippers,118,Box Score,,17915,
Sat Mar 9 2019,12:00p,Sacramento Kings,102,New York Knicks,94,Box Score,,19812,
Sat Mar 9 2019,7:00p,Brooklyn Nets,114,Atlanta Hawks,112,Box Score,,16527,
Sat Mar 9 2019,8:00p,Washington Wizards,130,Minnesota Timberwolves,135,Box Score,OT,14381,
Sat Mar 9 2019,8:30p,Boston Celtics,120,Los Angeles Lakers,107,Box Score,,18997,
Sat Mar 9 2019,9:00p,Charlotte Hornets,114,Milwaukee Bucks,131,Box Score,,17996,
Sat Mar 9 2019,10:00p,Phoenix Suns,120,Portland Trail Blazers,127,Box Score,,19851,
Sun Mar 10 2019,12:00p,Chicago Bulls,108,Detroit Pistons,131,Box Score,,19356,
Sun Mar 10 2019,3:30p,Toronto Raptors,125,Miami Heat,104,Box Score,,19600,
Sun Mar 10 2019,3:30p,Indiana Pacers,89,Philadelphia 76ers,106,Box Score,,20636,
Sun Mar 10 2019,6:00p,New Orleans Pelicans,116,Atlanta Hawks,128,Box Score,,14337,
Sun Mar 10 2019,6:00p,Orlando Magic,97,Memphis Grizzlies,105,Box Score,,16627,
Sun Mar 10 2019,7:00p,Houston Rockets,94,Dallas Mavericks,93,Box Score,,20423,
Sun Mar 10 2019,8:00p,New York Knicks,92,Minnesota Timberwolves,103,Box Score,,13806,
Sun Mar 10 2019,8:00p,Milwaukee Bucks,114,San Antonio Spurs,121,Box Score,,18594,
Sun Mar 10 2019,8:30p,Phoenix Suns,115,Golden State Warriors,111,Box Score,,19596,
Mon Mar 11 2019,7:00p,Toronto Raptors,101,Cleveland Cavaliers,126,Box Score,,19432,
Mon Mar 11 2019,7:00p,Sacramento Kings,115,Washington Wizards,121,Box Score,,15012,
Mon Mar 11 2019,7:30p,Detroit Pistons,75,Brooklyn Nets,103,Box Score,,17732,
Mon Mar 11 2019,8:00p,Charlotte Hornets,106,Houston Rockets,118,Box Score,,18055,
Mon Mar 11 2019,9:00p,Oklahoma City Thunder,98,Utah Jazz,89,Box Score,,18306,
Mon Mar 11 2019,10:30p,Boston Celtics,115,Los Angeles Clippers,140,Box Score,,19068,
Tue Mar 12 2019,7:00p,New York Knicks,98,Indiana Pacers,103,Box Score,,16679,
Tue Mar 12 2019,7:00p,Cleveland Cavaliers,99,Philadelphia 76ers,106,Box Score,,20420,
Tue Mar 12 2019,8:00p,Los Angeles Lakers,123,Chicago Bulls,107,Box Score,,21359,
Tue Mar 12 2019,8:00p,San Antonio Spurs,112,Dallas Mavericks,105,Box Score,,20366,
Tue Mar 12 2019,8:00p,Milwaukee Bucks,130,New Orleans Pelicans,113,Box Score,,15562,
Tue Mar 12 2019,10:30p,Minnesota Timberwolves,107,Denver Nuggets,133,Box Score,,16874,
Tue Mar 12 2019,10:30p,Portland Trail Blazers,125,Los Angeles Clippers,104,Box Score,,16686,
Wed Mar 13 2019,7:00p,Brooklyn Nets,96,Oklahoma City Thunder,108,Box Score,,18203,
Wed Mar 13 2019,7:00p,Orlando Magic,90,Washington Wizards,100,Box Score,,15107,
Wed Mar 13 2019,7:30p,Memphis Grizzlies,111,Atlanta Hawks,132,Box Score,,15169,
Wed Mar 13 2019,7:30p,Detroit Pistons,74,Miami Heat,108,Box Score,,19600,
Wed Mar 13 2019,9:30p,Golden State Warriors,106,Houston Rockets,104,Box Score,,18122,
Wed Mar 13 2019,10:00p,Utah Jazz,114,Phoenix Suns,97,Box Score,,18055,
Thu Mar 14 2019,7:00p,Oklahoma City Thunder,106,Indiana Pacers,108,Box Score,,16656,
Thu Mar 14 2019,7:00p,Cleveland Cavaliers,91,Orlando Magic,120,Box Score,,18091,
Thu Mar 14 2019,7:30p,Sacramento Kings,120,Boston Celtics,126,Box Score,,18624,
Thu Mar 14 2019,8:00p,Los Angeles Lakers,98,Toronto Raptors,111,Box Score,,19962,
Thu Mar 14 2019,9:00p,Minnesota Timberwolves,100,Utah Jazz,120,Box Score,,18306,
Thu Mar 14 2019,10:30p,Dallas Mavericks,99,Denver Nuggets,100,Box Score,,19520,
Fri Mar 15 2019,7:00p,Los Angeles Lakers,97,Detroit Pistons,111,Box Score,,20768,
Fri Mar 15 2019,7:00p,Sacramento Kings,114,Philadelphia 76ers,123,Box Score,,20704,
Fri Mar 15 2019,7:00p,Charlotte Hornets,116,Washington Wizards,110,Box Score,,19520,
Fri Mar 15 2019,8:00p,Phoenix Suns,102,Houston Rockets,108,Box Score,,18055,
Fri Mar 15 2019,8:00p,Milwaukee Bucks,113,Miami Heat,98,Box Score,,19600,
Fri Mar 15 2019,8:00p,Portland Trail Blazers,122,New Orleans Pelicans,110,Box Score,,16117,
Fri Mar 15 2019,8:30p,New York Knicks,83,San Antonio Spurs,109,Box Score,,18354,
Fri Mar 15 2019,10:30p,Chicago Bulls,121,Los Angeles Clippers,128,Box Score,,17404,
Sat Mar 16 2019,12:30p,Atlanta Hawks,120,Boston Celtics,129,Box Score,,18624,
Sat Mar 16 2019,7:00p,Phoenix Suns,138,New Orleans Pelicans,136,Box Score,OT,17641,
Sat Mar 16 2019,7:00p,Memphis Grizzlies,128,Washington Wizards,135,Box Score,,19750,
Sat Mar 16 2019,8:30p,Cleveland Cavaliers,116,Dallas Mavericks,121,Box Score,,20347,
Sat Mar 16 2019,8:30p,Golden State Warriors,110,Oklahoma City Thunder,88,Box Score,,18203,
Sat Mar 16 2019,8:30p,Portland Trail Blazers,103,San Antonio Spurs,108,Box Score,,18354,
Sat Mar 16 2019,9:00p,Indiana Pacers,100,Denver Nuggets,102,Box Score,,19856,
Sat Mar 16 2019,9:00p,Brooklyn Nets,98,Utah Jazz,114,Box Score,,18306,
Sun Mar 17 2019,12:00p,Los Angeles Lakers,123,New York Knicks,124,Box Score,,19812,
Sun Mar 17 2019,1:00p,Charlotte Hornets,75,Miami Heat,93,Box Score,,19600,
Sun Mar 17 2019,3:30p,Philadelphia 76ers,130,Milwaukee Bucks,125,Box Score,,18148,
Sun Mar 17 2019,4:00p,Toronto Raptors,107,Detroit Pistons,110,Box Score,,19277,
Sun Mar 17 2019,6:00p,Atlanta Hawks,91,Orlando Magic,101,Box Score,,18045,
Sun Mar 17 2019,6:00p,Chicago Bulls,102,Sacramento Kings,129,Box Score,,17583,
Sun Mar 17 2019,9:00p,Minnesota Timberwolves,102,Houston Rockets,117,Box Score,,18055,
Sun Mar 17 2019,9:00p,Brooklyn Nets,116,Los Angeles Clippers,119,Box Score,,17247,
Mon Mar 18 2019,7:00p,Detroit Pistons,119,Cleveland Cavaliers,126,Box Score,,18465,
Mon Mar 18 2019,7:00p,Utah Jazz,116,Washington Wizards,95,Box Score,,15637,
Mon Mar 18 2019,7:30p,Denver Nuggets,114,Boston Celtics,105,Box Score,,18624,
Mon Mar 18 2019,7:30p,New York Knicks,92,Toronto Raptors,128,Box Score,,19800,
Mon Mar 18 2019,8:00p,Miami Heat,116,Oklahoma City Thunder,107,Box Score,,18203,
Mon Mar 18 2019,8:00p,Golden State Warriors,105,San Antonio Spurs,111,Box Score,,18354,
Mon Mar 18 2019,8:30p,New Orleans Pelicans,129,Dallas Mavericks,125,Box Score,OT,20276,
Mon Mar 18 2019,10:00p,Chicago Bulls,116,Phoenix Suns,101,Box Score,,15879,
Mon Mar 18 2019,10:30p,Indiana Pacers,98,Portland Trail Blazers,106,Box Score,,19393,
Tue Mar 19 2019,7:00p,Philadelphia 76ers,118,Charlotte Hornets,114,Box Score,,16411,
Tue Mar 19 2019,7:30p,Houston Rockets,121,Atlanta Hawks,105,Box Score,,16293,
Tue Mar 19 2019,8:00p,Los Angeles Lakers,101,Milwaukee Bucks,115,Box Score,,17879,
Tue Mar 19 2019,8:00p,Golden State Warriors,117,Minnesota Timberwolves,107,Box Score,,17964,
Tue Mar 19 2019,10:00p,Brooklyn Nets,123,Sacramento Kings,121,Box Score,,17583,
Tue Mar 19 2019,10:30p,Indiana Pacers,109,Los Angeles Clippers,115,Box Score,,16043,
Wed Mar 20 2019,7:00p,Milwaukee Bucks,102,Cleveland Cavaliers,107,Box Score,,19432,
Wed Mar 20 2019,7:00p,New Orleans Pelicans,96,Orlando Magic,119,Box Score,,17005,
Wed Mar 20 2019,7:00p,Boston Celtics,115,Philadelphia 76ers,118,Box Score,,20606,
Wed Mar 20 2019,7:30p,Utah Jazz,137,New York Knicks,116,Box Score,,18530,
Wed Mar 20 2019,8:00p,Washington Wizards,120,Chicago Bulls,126,Box Score,OT,19470,
Wed Mar 20 2019,8:00p,Houston Rockets,125,Memphis Grizzlies,126,Box Score,OT,16691,
Wed Mar 20 2019,8:30p,Miami Heat,110,San Antonio Spurs,105,Box Score,,18354,
Wed Mar 20 2019,9:30p,Toronto Raptors,123,Oklahoma City Thunder,114,Box Score,OT,18203,
Wed Mar 20 2019,10:00p,Dallas Mavericks,118,Portland Trail Blazers,126,Box Score,,19803,
Thu Mar 21 2019,7:00p,Minnesota Timberwolves,106,Charlotte Hornets,113,Box Score,,15576,
Thu Mar 21 2019,7:00p,Denver Nuggets,113,Washington Wizards,108,Box Score,,15986,
Thu Mar 21 2019,7:30p,Utah Jazz,114,Atlanta Hawks,117,Box Score,,15569,
Thu Mar 21 2019,10:00p,Detroit Pistons,118,Phoenix Suns,98,Box Score,,16066,
Thu Mar 21 2019,10:00p,Dallas Mavericks,100,Sacramento Kings,116,Box Score,,17583,
Thu Mar 21 2019,10:30p,Indiana Pacers,89,Golden State Warriors,112,Box Score,,19596,
Fri Mar 22 2019,7:00p,Memphis Grizzlies,119,Orlando Magic,123,Box Score,OT,18025,
Fri Mar 22 2019,7:30p,Los Angeles Clippers,110,Cleveland Cavaliers,108,Box Score,,19432,
Fri Mar 22 2019,7:30p,Denver Nuggets,111,New York Knicks,93,Box Score,,19290,
Fri Mar 22 2019,7:30p,Oklahoma City Thunder,116,Toronto Raptors,109,Box Score,,20014,
Fri Mar 22 2019,8:00p,San Antonio Spurs,105,Houston Rockets,111,Box Score,,18055,
Fri Mar 22 2019,8:30p,Miami Heat,87,Milwaukee Bucks,116,Box Score,,18094,
Fri Mar 22 2019,10:30p,Brooklyn Nets,111,Los Angeles Lakers,106,Box Score,,18997,
Sat Mar 23 2019,6:00p,Boston Celtics,117,Charlotte Hornets,124,Box Score,,19438,
Sat Mar 23 2019,7:00p,Miami Heat,113,Washington Wizards,108,Box Score,,20409,
Sat Mar 23 2019,7:30p,Philadelphia 76ers,127,Atlanta Hawks,129,Box Score,,16640,
Sat Mar 23 2019,8:00p,Utah Jazz,114,Chicago Bulls,83,Box Score,,20506,
Sat Mar 23 2019,8:00p,Minnesota Timberwolves,112,Memphis Grizzlies,99,Box Score,,16977,
Sat Mar 23 2019,8:30p,Dallas Mavericks,126,Golden State Warriors,91,Box Score,,19596,
Sat Mar 23 2019,10:00p,Detroit Pistons,112,Portland Trail Blazers,117,Box Score,,19815,
Sat Mar 23 2019,10:00p,Phoenix Suns,103,Sacramento Kings,112,Box Score,,17583,
Sun Mar 24 2019,12:00p,Los Angeles Clippers,124,New York Knicks,113,Box Score,,18263,
Sun Mar 24 2019,4:30p,Cleveland Cavaliers,105,Milwaukee Bucks,127,Box Score,,17930,
Sun Mar 24 2019,5:00p,Denver Nuggets,88,Indiana Pacers,124,Box Score,,17923,
Sun Mar 24 2019,6:00p,Charlotte Hornets,115,Toronto Raptors,114,Box Score,,19800,
Sun Mar 24 2019,7:00p,Houston Rockets,113,New Orleans Pelicans,90,Box Score,,17048,
Sun Mar 24 2019,7:30p,San Antonio Spurs,115,Boston Celtics,96,Box Score,,18624,
Sun Mar 24 2019,8:30p,Detroit Pistons,114,Golden State Warriors,121,Box Score,,19596,
Sun Mar 24 2019,9:30p,Sacramento Kings,106,Los Angeles Lakers,111,Box Score,,18997,
Mon Mar 25 2019,7:00p,Philadelphia 76ers,98,Orlando Magic,119,Box Score,,16848,
Mon Mar 25 2019,8:00p,Oklahoma City Thunder,103,Memphis Grizzlies,115,Box Score,,15144,
Mon Mar 25 2019,9:00p,Phoenix Suns,92,Utah Jazz,125,Box Score,,18306,
Mon Mar 25 2019,10:00p,Brooklyn Nets,144,Portland Trail Blazers,148,Box Score,2OT,20188,
Tue Mar 26 2019,7:00p,San Antonio Spurs,116,Charlotte Hornets,125,Box Score,OT,14227,
Tue Mar 26 2019,7:00p,Boston Celtics,116,Cleveland Cavaliers,106,Box Score,,19432,
Tue Mar 26 2019,7:30p,Orlando Magic,104,Miami Heat,99,Box Score,,19704,
Tue Mar 26 2019,7:30p,Chicago Bulls,103,Toronto Raptors,112,Box Score,,19800,
Tue Mar 26 2019,8:00p,Houston Rockets,94,Milwaukee Bucks,108,Box Score,,17910,
Tue Mar 26 2019,8:00p,Los Angeles Clippers,122,Minnesota Timberwolves,111,Box Score,,13176,
Tue Mar 26 2019,8:00p,Atlanta Hawks,130,New Orleans Pelicans,120,Box Score,,14751,
Tue Mar 26 2019,8:30p,Sacramento Kings,125,Dallas Mavericks,121,Box Score,,20168,
Tue Mar 26 2019,9:00p,Detroit Pistons,92,Denver Nuggets,95,Box Score,,19520,
Tue Mar 26 2019,10:30p,Washington Wizards,106,Los Angeles Lakers,124,Box Score,,18997,
Wed Mar 27 2019,8:00p,Portland Trail Blazers,118,Chicago Bulls,98,Box Score,,20227,
Wed Mar 27 2019,8:00p,Golden State Warriors,118,Memphis Grizzlies,103,Box Score,,17794,
Wed Mar 27 2019,8:00p,Indiana Pacers,99,Oklahoma City Thunder,107,Box Score,,18203,
Wed Mar 27 2019,10:00p,Washington Wizards,124,Phoenix Suns,121,Box Score,,16004,
Wed Mar 27 2019,10:30p,Los Angeles Lakers,100,Utah Jazz,115,Box Score,,18306,
Thu Mar 28 2019,7:00p,Orlando Magic,98,Detroit Pistons,115,Box Score,,18128,
Thu Mar 28 2019,7:00p,Brooklyn Nets,110,Philadelphia 76ers,123,Box Score,,20547,
Thu Mar 28 2019,7:30p,Dallas Mavericks,99,Miami Heat,105,Box Score,,19851,
Thu Mar 28 2019,7:30p,Toronto Raptors,117,New York Knicks,92,Box Score,,19812,
Thu Mar 28 2019,8:00p,Denver Nuggets,85,Houston Rockets,112,Box Score,,18055,
Thu Mar 28 2019,8:00p,Los Angeles Clippers,118,Milwaukee Bucks,128,Box Score,,17922,
Thu Mar 28 2019,8:00p,Sacramento Kings,118,New Orleans Pelicans,121,Box Score,,13976,
Thu Mar 28 2019,8:30p,Cleveland Cavaliers,110,San Antonio Spurs,116,Box Score,,18756,
Fri Mar 29 2019,7:00p,Indiana Pacers,112,Boston Celtics,114,Box Score,,18624,
Fri Mar 29 2019,7:30p,Portland Trail Blazers,118,Atlanta Hawks,98,Box Score,,16182,
Fri Mar 29 2019,8:00p,Golden State Warriors,130,Minnesota Timberwolves,131,Box Score,OT,18978,
Fri Mar 29 2019,8:00p,Denver Nuggets,115,Oklahoma City Thunder,105,Box Score,,18203,
Fri Mar 29 2019,9:00p,Washington Wizards,124,Utah Jazz,128,Box Score,,18306,
Fri Mar 29 2019,10:30p,Charlotte Hornets,115,Los Angeles Lakers,129,Box Score,,18997,
Sat Mar 30 2019,3:30p,Cleveland Cavaliers,108,Los Angeles Clippers,132,Box Score,,16439,
Sat Mar 30 2019,6:00p,Boston Celtics,96,Brooklyn Nets,110,Box Score,,17732,
Sat Mar 30 2019,6:00p,Sacramento Kings,108,Houston Rockets,119,Box Score,,18055,
Sat Mar 30 2019,7:00p,Portland Trail Blazers,90,Detroit Pistons,99,Box Score,,18592,
Sat Mar 30 2019,7:00p,Orlando Magic,121,Indiana Pacers,116,Box Score,,17923,
Sat Mar 30 2019,7:30p,Miami Heat,100,New York Knicks,92,Box Score,,19812,
Sat Mar 30 2019,8:00p,Toronto Raptors,124,Chicago Bulls,101,Box Score,,21238,
Sat Mar 30 2019,8:00p,Philadelphia 76ers,118,Minnesota Timberwolves,109,Box Score,,18978,
Sat Mar 30 2019,10:00p,Memphis Grizzlies,120,Phoenix Suns,115,Box Score,,16647,
Sun Mar 31 2019,12:30p,Milwaukee Bucks,135,Atlanta Hawks,136,Box Score,OT,16660,
Sun Mar 31 2019,3:30p,Dallas Mavericks,106,Oklahoma City Thunder,103,Box Score,,18203,
Sun Mar 31 2019,6:00p,Los Angeles Lakers,130,New Orleans Pelicans,102,Box Score,,18562,
Sun Mar 31 2019,7:00p,Sacramento Kings,113,San Antonio Spurs,106,Box Score,,18407,
Sun Mar 31 2019,8:00p,Washington Wizards,95,Denver Nuggets,90,Box Score,,17356,
Sun Mar 31 2019,8:30p,Charlotte Hornets,90,Golden State Warriors,137,Box Score,,19596,
Sun Mar 31 2019,10:30p,Memphis Grizzlies,96,Los Angeles Clippers,113,Box Score,,16740,