Date,Start (ET),Visitor/Neutral,PTS,Home/Neutral,PTS,,,Attend.,Notes
Fri Dec 1 2017,7:00p,Golden State Warriors,133,Orlando Magic,112,Box Score,,18846,
Fri Dec 1 2017,7:00p,Detroit Pistons,91,Washington Wizards,109,Box Score,,17885,
Fri Dec 1 2017,7:30p,Indiana Pacers,115,Toronto Raptors,120,Box Score,,19800,
Fri Dec 1 2017,8:00p,Sacramento Kings,107,Chicago Bulls,106,Box Score,,19268,
Fri Dec 1 2017,8:00p,San Antonio Spurs,95,Memphis Grizzlies,79,Box Score,,16413,
Fri Dec 1 2017,8:00p,Charlotte Hornets,100,Miami Heat,105,Box Score,,19600,
Fri Dec 1 2017,8:00p,Minnesota Timberwolves,107,Oklahoma City Thunder,111,Box Score,,18203,
Fri Dec 1 2017,9:00p,New Orleans Pelicans,108,Utah Jazz,114,Box Score,,17725,
Sat Dec 2 2017,1:00p,Phoenix Suns,111,Boston Celtics,116,Box Score,,18624,
Sat Dec 2 2017,2:00p,Los Angeles Clippers,82,Dallas Mavericks,108,Box Score,,19245,
Sat Dec 2 2017,3:00p,Atlanta Hawks,114,Brooklyn Nets,102,Box Score,,13949,
Sat Dec 2 2017,7:30p,Memphis Grizzlies,111,Cleveland Cavaliers,116,Box Score,,20562,
Sat Dec 2 2017,7:30p,Detroit Pistons,103,Philadelphia 76ers,108,Box Score,,20562,
Sat Dec 2 2017,8:30p,Sacramento Kings,104,Milwaukee Bucks,109,Box Score,,15581,
Sat Dec 2 2017,9:00p,Los Angeles Lakers,100,Denver Nuggets,115,Box Score,,19520,
Sat Dec 2 2017,10:00p,New Orleans Pelicans,123,Portland Trail Blazers,116,Box Score,,18730,
Sun Dec 3 2017,3:30p,Orlando Magic,105,New York Knicks,100,Box Score,,19082,
Sun Dec 3 2017,7:00p,Golden State Warriors,123,Miami Heat,95,Box Score,,19600,
Sun Dec 3 2017,7:00p,Los Angeles Clippers,106,Minnesota Timberwolves,112,Box Score,,13172,
Sun Dec 3 2017,7:00p,San Antonio Spurs,87,Oklahoma City Thunder,90,Box Score,,18203,
Sun Dec 3 2017,9:30p,Houston Rockets,118,Los Angeles Lakers,95,Box Score,,18997,
Mon Dec 4 2017,7:00p,Orlando Magic,94,Charlotte Hornets,104,Box Score,,14419,
Mon Dec 4 2017,7:00p,New York Knicks,97,Indiana Pacers,115,Box Score,,12018,
Mon Dec 4 2017,7:00p,Phoenix Suns,115,Philadelphia 76ers,101,Box Score,,20564,
Mon Dec 4 2017,7:30p,Brooklyn Nets,110,Atlanta Hawks,90,Box Score,,12056,
Mon Dec 4 2017,7:30p,Milwaukee Bucks,100,Boston Celtics,111,Box Score,,18624,
Mon Dec 4 2017,8:00p,Cleveland Cavaliers,113,Chicago Bulls,91,Box Score,,21323,
Mon Dec 4 2017,8:00p,Minnesota Timberwolves,92,Memphis Grizzlies,95,Box Score,,14012,
Mon Dec 4 2017,8:00p,Golden State Warriors,125,New Orleans Pelicans,115,Box Score,,17004,
Mon Dec 4 2017,8:30p,Denver Nuggets,105,Dallas Mavericks,122,Box Score,,19419,
Mon Dec 4 2017,8:30p,Detroit Pistons,93,San Antonio Spurs,96,Box Score,,18288,
Mon Dec 4 2017,9:00p,Washington Wizards,69,Utah Jazz,116,Box Score,,17227,
Tue Dec 5 2017,7:30p,Phoenix Suns,113,Toronto Raptors,126,Box Score,,19800,
Tue Dec 5 2017,8:00p,Utah Jazz,94,Oklahoma City Thunder,100,Box Score,,18203,
Tue Dec 5 2017,10:00p,Washington Wizards,106,Portland Trail Blazers,92,Box Score,,19241,
Wed Dec 6 2017,7:00p,Sacramento Kings,95,Cleveland Cavaliers,101,Box Score,,20562,
Wed Dec 6 2017,7:00p,Chicago Bulls,96,Indiana Pacers,98,Box Score,,13013,
Wed Dec 6 2017,7:00p,Atlanta Hawks,106,Orlando Magic,110,Box Score,OT,16167,
Wed Dec 6 2017,7:30p,Dallas Mavericks,90,Boston Celtics,97,Box Score,,18624,
Wed Dec 6 2017,7:30p,Memphis Grizzlies,88,New York Knicks,99,Box Score,,19812,
Wed Dec 6 2017,8:00p,Golden State Warriors,101,Charlotte Hornets,87,Box Score,,19334,
Wed Dec 6 2017,8:00p,Detroit Pistons,100,Milwaukee Bucks,104,Box Score,,15841,
Wed Dec 6 2017,8:00p,Denver Nuggets,114,New Orleans Pelicans,123,Box Score,,15353,
Wed Dec 6 2017,8:30p,Miami Heat,105,San Antonio Spurs,117,Box Score,,18252,
Wed Dec 6 2017,10:30p,Minnesota Timberwolves,113,Los Angeles Clippers,107,Box Score,,15951,
Thu Dec 7 2017,8:00p,Los Angeles Lakers,107,Philadelphia 76ers,104,Box Score,,20495,
Thu Dec 7 2017,9:00p,Washington Wizards,109,Phoenix Suns,99,Box Score,,15925,
Thu Dec 7 2017,10:00p,Oklahoma City Thunder,95,Brooklyn Nets,100,Box Score,,20562,at Mexico City Mexico
Thu Dec 7 2017,10:30p,Houston Rockets,112,Utah Jazz,101,Box Score,,18306,
Fri Dec 8 2017,7:00p,Chicago Bulls,119,Charlotte Hornets,111,Box Score,OT,14077,
Fri Dec 8 2017,7:00p,Golden State Warriors,102,Detroit Pistons,98,Box Score,,20491,
Fri Dec 8 2017,7:00p,Cleveland Cavaliers,102,Indiana Pacers,106,Box Score,,17032,
Fri Dec 8 2017,7:00p,Denver Nuggets,103,Orlando Magic,89,Box Score,,16024,
Fri Dec 8 2017,8:00p,Toronto Raptors,116,Memphis Grizzlies,107,Box Score,,15417,
Fri Dec 8 2017,8:00p,Dallas Mavericks,102,Milwaukee Bucks,109,Box Score,,15889,
Fri Dec 8 2017,8:00p,Sacramento Kings,116,New Orleans Pelicans,109,Box Score,OT,15019,
Fri Dec 8 2017,9:30p,Boston Celtics,102,San Antonio Spurs,105,Box Score,,18418,
Sat Dec 9 2017,3:30p,Washington Wizards,112,Los Angeles Clippers,113,Box Score,,15739,
Sat Dec 9 2017,6:00p,Miami Heat,101,Brooklyn Nets,89,Box Score,,19777,at Mexico City Mexico
Sat Dec 9 2017,7:00p,Los Angeles Lakers,110,Charlotte Hornets,99,Box Score,,19320,
Sat Dec 9 2017,7:30p,Orlando Magic,110,Atlanta Hawks,117,Box Score,,12719,
Sat Dec 9 2017,8:00p,New York Knicks,102,Chicago Bulls,104,Box Score,,20149,
Sat Dec 9 2017,8:00p,Philadelphia 76ers,98,Cleveland Cavaliers,105,Box Score,,20562,
Sat Dec 9 2017,8:30p,Utah Jazz,100,Milwaukee Bucks,117,Box Score,,16675,
Sat Dec 9 2017,9:00p,Oklahoma City Thunder,102,Memphis Grizzlies,101,Box Score,OT,17794,
Sat Dec 9 2017,9:00p,San Antonio Spurs,104,Phoenix Suns,101,Box Score,,16575,
Sat Dec 9 2017,10:00p,Houston Rockets,124,Portland Trail Blazers,117,Box Score,,19503,
Sun Dec 10 2017,3:30p,Toronto Raptors,102,Sacramento Kings,87,Box Score,,17583,
Sun Dec 10 2017,4:00p,Boston Celtics,91,Detroit Pistons,81,Box Score,,18776,
Sun Dec 10 2017,5:00p,Denver Nuggets,116,Indiana Pacers,126,Box Score,OT,14587,
Sun Dec 10 2017,7:00p,Dallas Mavericks,92,Minnesota Timberwolves,97,Box Score,,13094,
Sun Dec 10 2017,7:00p,Philadelphia 76ers,124,New Orleans Pelicans,131,Box Score,,16878,
Sun Dec 10 2017,7:30p,Atlanta Hawks,107,New York Knicks,111,Box Score,,19189,
Mon Dec 11 2017,8:00p,Boston Celtics,85,Chicago Bulls,108,Box Score,,19617,
Mon Dec 11 2017,8:00p,New Orleans Pelicans,123,Houston Rockets,130,Box Score,,18055,
Mon Dec 11 2017,8:00p,Miami Heat,107,Memphis Grizzlies,82,Box Score,,14857,
Mon Dec 11 2017,8:00p,Charlotte Hornets,116,Oklahoma City Thunder,103,Box Score,,18203,
Mon Dec 11 2017,10:30p,Portland Trail Blazers,104,Golden State Warriors,111,Box Score,,19596,
Mon Dec 11 2017,10:30p,Toronto Raptors,91,Los Angeles Clippers,96,Box Score,,16658,
Tue Dec 12 2017,7:00p,Atlanta Hawks,114,Cleveland Cavaliers,123,Box Score,,20562,
Tue Dec 12 2017,7:00p,Denver Nuggets,103,Detroit Pistons,84,Box Score,,15480,
Tue Dec 12 2017,7:00p,Los Angeles Lakers,109,New York Knicks,113,Box Score,OT,19359,
Tue Dec 12 2017,7:30p,Washington Wizards,98,Brooklyn Nets,103,Box Score,,14515,
Tue Dec 12 2017,8:30p,San Antonio Spurs,89,Dallas Mavericks,95,Box Score,,19874,
Tue Dec 12 2017,9:30p,Philadelphia 76ers,118,Minnesota Timberwolves,112,Box Score,OT,14659,
Tue Dec 12 2017,10:00p,Phoenix Suns,92,Sacramento Kings,99,Box Score,,17583,
Wed Dec 13 2017,7:00p,Oklahoma City Thunder,100,Indiana Pacers,95,Box Score,,17923,
Wed Dec 13 2017,7:00p,Los Angeles Clippers,106,Orlando Magic,95,Box Score,,16011,
Wed Dec 13 2017,7:00p,Memphis Grizzlies,87,Washington Wizards,93,Box Score,,15297,
Wed Dec 13 2017,7:30p,Denver Nuggets,118,Boston Celtics,124,Box Score,,18624,
Wed Dec 13 2017,7:30p,Portland Trail Blazers,102,Miami Heat,95,Box Score,,19600,
Wed Dec 13 2017,8:00p,Utah Jazz,100,Chicago Bulls,103,Box Score,,18102,
Wed Dec 13 2017,8:00p,Milwaukee Bucks,108,New Orleans Pelicans,115,Box Score,,16863,
Wed Dec 13 2017,9:00p,Toronto Raptors,115,Phoenix Suns,109,Box Score,,15517,
Wed Dec 13 2017,9:30p,Charlotte Hornets,96,Houston Rockets,108,Box Score,,16509,
Thu Dec 14 2017,7:30p,Detroit Pistons,105,Atlanta Hawks,91,Box Score,,13548,
Thu Dec 14 2017,7:30p,New York Knicks,111,Brooklyn Nets,104,Box Score,,17732,
Thu Dec 14 2017,8:00p,Los Angeles Lakers,112,Cleveland Cavaliers,121,Box Score,,20562,
Thu Dec 14 2017,8:00p,Sacramento Kings,96,Minnesota Timberwolves,119,Box Score,,11126,
Thu Dec 14 2017,10:30p,Dallas Mavericks,97,Golden State Warriors,112,Box Score,,19596,
Fri Dec 15 2017,7:00p,Miami Heat,104,Charlotte Hornets,98,Box Score,,15565,
Fri Dec 15 2017,7:00p,Detroit Pistons,104,Indiana Pacers,98,Box Score,,14687,
Fri Dec 15 2017,7:00p,Portland Trail Blazers,95,Orlando Magic,88,Box Score,,16963,
Fri Dec 15 2017,7:00p,Oklahoma City Thunder,119,Philadelphia 76ers,117,Box Score,3OT,20612,
Fri Dec 15 2017,7:00p,Los Angeles Clippers,91,Washington Wizards,100,Box Score,,15442,
Fri Dec 15 2017,7:30p,Utah Jazz,107,Boston Celtics,95,Box Score,,18624,
Fri Dec 15 2017,7:30p,Brooklyn Nets,87,Toronto Raptors,120,Box Score,,19800,
Fri Dec 15 2017,8:00p,Atlanta Hawks,94,Memphis Grizzlies,96,Box Score,,15803,
Fri Dec 15 2017,8:00p,Chicago Bulls,115,Milwaukee Bucks,109,Box Score,,16921,
Fri Dec 15 2017,9:00p,New Orleans Pelicans,111,Denver Nuggets,117,Box Score,OT,17584,
Fri Dec 15 2017,9:30p,San Antonio Spurs,109,Houston Rockets,124,Box Score,,18055,
Sat Dec 16 2017,7:00p,Portland Trail Blazers,93,Charlotte Hornets,91,Box Score,,16687,
Sat Dec 16 2017,7:30p,Utah Jazz,100,Cleveland Cavaliers,109,Box Score,,20562,
Sat Dec 16 2017,7:30p,Oklahoma City Thunder,96,New York Knicks,111,Box Score,,19812,
Sat Dec 16 2017,8:00p,Milwaukee Bucks,111,Houston Rockets,115,Box Score,,18055,
Sat Dec 16 2017,8:00p,Los Angeles Clippers,85,Miami Heat,90,Box Score,,19600,
Sat Dec 16 2017,8:00p,Phoenix Suns,108,Minnesota Timberwolves,106,Box Score,,18109,
Sat Dec 16 2017,8:30p,Dallas Mavericks,96,San Antonio Spurs,98,Box Score,,18418,
Sat Dec 16 2017,9:00p,Boston Celtics,102,Memphis Grizzlies,93,Box Score,,17794,
Sun Dec 17 2017,3:30p,Sacramento Kings,93,Toronto Raptors,108,Box Score,,19800,
Sun Dec 17 2017,4:00p,Orlando Magic,110,Detroit Pistons,114,Box Score,,16312,
Sun Dec 17 2017,6:00p,Indiana Pacers,109,Brooklyn Nets,97,Box Score,,13934,
Sun Dec 17 2017,6:00p,Cleveland Cavaliers,106,Washington Wizards,99,Box Score,,20356,
Mon Dec 18 2017,7:00p,New York Knicks,91,Charlotte Hornets,109,Box Score,,15386,
Mon Dec 18 2017,7:00p,Boston Celtics,112,Indiana Pacers,111,Box Score,,16055,
Mon Dec 18 2017,7:30p,Miami Heat,104,Atlanta Hawks,110,Box Score,,14227,
Mon Dec 18 2017,8:00p,Philadelphia 76ers,115,Chicago Bulls,117,Box Score,,20796,
Mon Dec 18 2017,8:00p,Utah Jazz,99,Houston Rockets,120,Box Score,,18055,
Mon Dec 18 2017,8:00p,Portland Trail Blazers,107,Minnesota Timberwolves,108,Box Score,,14187,
Mon Dec 18 2017,8:00p,Denver Nuggets,94,Oklahoma City Thunder,95,Box Score,,18203,
Mon Dec 18 2017,8:30p,Phoenix Suns,97,Dallas Mavericks,91,Box Score,,19245,
Mon Dec 18 2017,8:30p,Los Angeles Clippers,91,San Antonio Spurs,109,Box Score,,18418,
Mon Dec 18 2017,10:30p,Golden State Warriors,116,Los Angeles Lakers,114,Box Score,OT,18997,
Tue Dec 19 2017,7:00p,Sacramento Kings,101,Philadelphia 76ers,95,Box Score,,20558,
Tue Dec 19 2017,7:00p,New Orleans Pelicans,106,Washington Wizards,116,Box Score,,16529,
Tue Dec 19 2017,8:00p,Cleveland Cavaliers,116,Milwaukee Bucks,119,Box Score,,18717,
Wed Dec 20 2017,7:00p,Toronto Raptors,129,Charlotte Hornets,111,Box Score,,15023,
Wed Dec 20 2017,7:30p,Indiana Pacers,105,Atlanta Hawks,95,Box Score,,14830,
Wed Dec 20 2017,7:30p,Miami Heat,90,Boston Celtics,89,Box Score,,18624,
Wed Dec 20 2017,7:30p,Sacramento Kings,104,Brooklyn Nets,99,Box Score,,13179,
Wed Dec 20 2017,8:00p,Orlando Magic,94,Chicago Bulls,112,Box Score,,20285,
Wed Dec 20 2017,8:00p,Los Angeles Lakers,122,Houston Rockets,116,Box Score,,18055,
Wed Dec 20 2017,8:00p,Utah Jazz,79,Oklahoma City Thunder,107,Box Score,,18203,
Wed Dec 20 2017,8:30p,Detroit Pistons,93,Dallas Mavericks,110,Box Score,,19580,
Wed Dec 20 2017,9:00p,Minnesota Timberwolves,112,Denver Nuggets,104,Box Score,,17002,
Wed Dec 20 2017,10:00p,San Antonio Spurs,93,Portland Trail Blazers,91,Box Score,,19393,
Wed Dec 20 2017,10:30p,Memphis Grizzlies,84,Golden State Warriors,97,Box Score,,19596,
Wed Dec 20 2017,10:30p,Phoenix Suns,95,Los Angeles Clippers,108,Box Score,,17151,
Thu Dec 21 2017,7:00p,Chicago Bulls,112,Cleveland Cavaliers,115,Box Score,,20562,
Thu Dec 21 2017,7:00p,Toronto Raptors,114,Philadelphia 76ers,109,Box Score,,20680,
Thu Dec 21 2017,8:00p,Boston Celtics,93,New York Knicks,102,Box Score,,19812,
Thu Dec 21 2017,9:00p,Memphis Grizzlies,95,Phoenix Suns,97,Box Score,,16339,
Thu Dec 21 2017,10:30p,San Antonio Spurs,89,Utah Jazz,100,Box Score,,18306,
Fri Dec 22 2017,7:00p,New York Knicks,101,Detroit Pistons,104,Box Score,,16922,
Fri Dec 22 2017,7:00p,New Orleans Pelicans,111,Orlando Magic,97,Box Score,,18846,
Fri Dec 22 2017,7:30p,Washington Wizards,84,Brooklyn Nets,119,Box Score,,15589,
Fri Dec 22 2017,8:00p,Los Angeles Clippers,128,Houston Rockets,118,Box Score,,18055,
Fri Dec 22 2017,8:00p,Dallas Mavericks,101,Miami Heat,113,Box Score,,19600,
Fri Dec 22 2017,8:00p,Charlotte Hornets,104,Milwaukee Bucks,109,Box Score,,17018,
Fri Dec 22 2017,8:00p,Atlanta Hawks,117,Oklahoma City Thunder,120,Box Score,,18203,
Fri Dec 22 2017,10:00p,Denver Nuggets,102,Portland Trail Blazers,85,Box Score,,19473,
Fri Dec 22 2017,10:30p,Los Angeles Lakers,106,Golden State Warriors,113,Box Score,,19596,
Sat Dec 23 2017,5:00p,Philadelphia 76ers,86,Toronto Raptors,102,Box Score,,19800,
Sat Dec 23 2017,7:00p,Milwaukee Bucks,106,Charlotte Hornets,111,Box Score,,18363,
Sat Dec 23 2017,7:00p,Brooklyn Nets,119,Indiana Pacers,123,Box Score,OT,17107,
Sat Dec 23 2017,7:00p,Orlando Magic,103,Washington Wizards,130,Box Score,,17218,
Sat Dec 23 2017,7:30p,Dallas Mavericks,107,Atlanta Hawks,112,Box Score,,13402,
Sat Dec 23 2017,7:30p,Chicago Bulls,92,Boston Celtics,117,Box Score,,18624,
Sat Dec 23 2017,8:00p,Los Angeles Clippers,112,Memphis Grizzlies,115,Box Score,,16844,
Sat Dec 23 2017,8:00p,New Orleans Pelicans,109,Miami Heat,94,Box Score,,19600,
Sat Dec 23 2017,8:00p,Oklahoma City Thunder,103,Utah Jazz,89,Box Score,,18306,
Sat Dec 23 2017,8:30p,Denver Nuggets,96,Golden State Warriors,81,Box Score,,19596,
Sat Dec 23 2017,9:00p,Minnesota Timberwolves,115,Phoenix Suns,106,Box Score,,16482,
Sat Dec 23 2017,9:30p,Portland Trail Blazers,95,Los Angeles Lakers,92,Box Score,,18997,
Sat Dec 23 2017,10:00p,San Antonio Spurs,108,Sacramento Kings,99,Box Score,,17583,
Mon Dec 25 2017,12:00p,Philadelphia 76ers,105,New York Knicks,98,Box Score,,19812,
Mon Dec 25 2017,3:00p,Cleveland Cavaliers,92,Golden State Warriors,99,Box Score,,19596,
Mon Dec 25 2017,5:30p,Washington Wizards,111,Boston Celtics,103,Box Score,,18624,
Mon Dec 25 2017,8:00p,Houston Rockets,107,Oklahoma City Thunder,112,Box Score,,18203,
Mon Dec 25 2017,10:30p,Minnesota Timberwolves,121,Los Angeles Lakers,104,Box Score,,18997,
Tue Dec 26 2017,7:00p,Toronto Raptors,93,Dallas Mavericks,98,Box Score,,20005,
Tue Dec 26 2017,7:00p,Indiana Pacers,83,Detroit Pistons,107,Box Score,,20491,
Tue Dec 26 2017,7:30p,Orlando Magic,89,Miami Heat,107,Box Score,,19600,
Tue Dec 26 2017,8:00p,Chicago Bulls,115,Milwaukee Bucks,106,Box Score,,18717,
Tue Dec 26 2017,8:30p,Brooklyn Nets,97,San Antonio Spurs,109,Box Score,,18492,
Tue Dec 26 2017,9:00p,Utah Jazz,83,Denver Nuggets,107,Box Score,,17104,
Tue Dec 26 2017,9:00p,Memphis Grizzlies,97,Phoenix Suns,99,Box Score,,17105,
Tue Dec 26 2017,10:30p,Sacramento Kings,95,Los Angeles Clippers,122,Box Score,,16393,
Wed Dec 27 2017,7:00p,Boston Celtics,102,Charlotte Hornets,91,Box Score,,19611,
Wed Dec 27 2017,7:00p,Dallas Mavericks,98,Indiana Pacers,94,Box Score,,17923,
Wed Dec 27 2017,7:30p,Washington Wizards,99,Atlanta Hawks,113,Box Score,,15763,
Wed Dec 27 2017,8:00p,New York Knicks,87,Chicago Bulls,92,Box Score,,21883,
Wed Dec 27 2017,8:00p,Denver Nuggets,125,Minnesota Timberwolves,128,Box Score,OT,18978,
Wed Dec 27 2017,8:00p,Brooklyn Nets,113,New Orleans Pelicans,128,Box Score,,16707,
Wed Dec 27 2017,8:00p,Toronto Raptors,107,Oklahoma City Thunder,124,Box Score,,18203,
Wed Dec 27 2017,10:00p,Cleveland Cavaliers,95,Sacramento Kings,109,Box Score,,17583,
Wed Dec 27 2017,10:30p,Utah Jazz,101,Golden State Warriors,126,Box Score,,19596,
Wed Dec 27 2017,10:30p,Memphis Grizzlies,109,Los Angeles Lakers,99,Box Score,,18997,
Thu Dec 28 2017,7:00p,Detroit Pistons,89,Orlando Magic,102,Box Score,,18846,
Thu Dec 28 2017,8:00p,Houston Rockets,98,Boston Celtics,99,Box Score,,18624,
Thu Dec 28 2017,8:00p,Minnesota Timberwolves,96,Milwaukee Bucks,102,Box Score,,18717,
Thu Dec 28 2017,8:30p,New York Knicks,107,San Antonio Spurs,119,Box Score,,18935,
Thu Dec 28 2017,10:30p,Philadelphia 76ers,110,Portland Trail Blazers,114,Box Score,,20104,
Fri Dec 29 2017,7:00p,Houston Rockets,103,Washington Wizards,121,Box Score,,20356,
Fri Dec 29 2017,7:30p,Atlanta Hawks,98,Toronto Raptors,111,Box Score,,19800,
Fri Dec 29 2017,8:00p,Indiana Pacers,107,Chicago Bulls,119,Box Score,,21178,
Fri Dec 29 2017,8:00p,Brooklyn Nets,111,Miami Heat,87,Box Score,,19600,
Fri Dec 29 2017,8:00p,Dallas Mavericks,128,New Orleans Pelicans,120,Box Score,,16878,
Fri Dec 29 2017,8:00p,Milwaukee Bucks,97,Oklahoma City Thunder,95,Box Score,,18203,
Fri Dec 29 2017,10:00p,Phoenix Suns,111,Sacramento Kings,101,Box Score,,17583,
Fri Dec 29 2017,10:30p,Charlotte Hornets,111,Golden State Warriors,100,Box Score,,19596,
Fri Dec 29 2017,10:30p,Los Angeles Clippers,121,Los Angeles Lakers,106,Box Score,,18997,
Sat Dec 30 2017,7:00p,San Antonio Spurs,79,Detroit Pistons,93,Box Score,,19671,
Sat Dec 30 2017,7:00p,New York Knicks,105,New Orleans Pelicans,103,Box Score,,16947,
Sat Dec 30 2017,7:00p,Miami Heat,117,Orlando Magic,111,Box Score,,18846,
Sat Dec 30 2017,7:30p,Portland Trail Blazers,89,Atlanta Hawks,104,Box Score,,15877,
Sat Dec 30 2017,8:00p,Cleveland Cavaliers,101,Utah Jazz,104,Box Score,,18306,
Sat Dec 30 2017,8:30p,Memphis Grizzlies,128,Golden State Warriors,141,Box Score,,19596,
Sat Dec 30 2017,9:00p,Philadelphia 76ers,107,Denver Nuggets,102,Box Score,,19599,
Sun Dec 31 2017,3:30p,Chicago Bulls,110,Washington Wizards,114,Box Score,,20356,
Sun Dec 31 2017,5:00p,Minnesota Timberwolves,107,Indiana Pacers,90,Box Score,,17923,
Sun Dec 31 2017,5:30p,Brooklyn Nets,105,Boston Celtics,108,Box Score,,18624,
Sun Dec 31 2017,7:00p,Los Angeles Lakers,142,Houston Rockets,148,Box Score,2OT,18179,
Sun Dec 31 2017,7:00p,Charlotte Hornets,98,Los Angeles Clippers,106,Box Score,,17348,
Sun Dec 31 2017,7:00p,Dallas Mavericks,116,Oklahoma City Thunder,113,Box Score,,18203,
Sun Dec 31 2017,7:00p,Memphis Grizzlies,114,Sacramento Kings,96,Box Score,,17583,
Sun Dec 31 2017,8:00p,Philadelphia 76ers,123,Phoenix Suns,110,Box Score,,16983,